business_category_id,locale,block,category,subcategory
"1","en","Legal, Finance & Security","Law Firms & Attorneys","Consultations"
"2","en","Legal, Finance & Security","Law Firms & Attorneys","Document Preparation"
"3","en","Legal, Finance & Security","Law Firms & Attorneys","Legal or Financial Analysis"
"4","en","Legal, Finance & Security","Law Firms & Attorneys","Registration & Filing"
"5","en","Legal, Finance & Security","Law Firms & Attorneys","Representation"
"6","en","Legal, Finance & Security","Law Firms & Attorneys","Pre-Litigation Support"
"7","en","Legal, Finance & Security","Law Firms & Attorneys","Court or Administrative Representation"
"8","en","Legal, Finance & Security","Law Firms & Attorneys","Audit & Review"
"9","en","Legal, Finance & Security","Law Firms & Attorneys","Transaction Support"
"10","en","Legal, Finance & Security","Law Firms & Attorneys","Ongoing Business Support"
"11","en","Legal, Finance & Security","Immigration Law","Tourist Visas"
"12","en","Legal, Finance & Security","Immigration Law","Work Visas & Work Permits"
"13","en","Legal, Finance & Security","Immigration Law","Student Visas"
"14","en","Legal, Finance & Security","Immigration Law","Family Reunification"
"15","en","Legal, Finance & Security","Immigration Law","Temporary Residence Permit"
"16","en","Legal, Finance & Security","Immigration Law","Permanent Residence"
"17","en","Legal, Finance & Security","Immigration Law","Citizenship & Naturalization"
"18","en","Legal, Finance & Security","Immigration Law","Business Immigration"
"19","en","Legal, Finance & Security","Immigration Law","Investment Immigration"
"20","en","Legal, Finance & Security","Immigration Law","Asylum & Humanitarian Protection"
"21","en","Legal, Finance & Security","Immigration Law","Deportation & Removal Defense"
"22","en","Legal, Finance & Security","Immigration Law","Immigration Appeals"
"23","en","Legal, Finance & Security","Immigration Law","Status Extension & Change"
"24","en","Legal, Finance & Security","Immigration Law","Employer-Sponsored Immigration Petitions"
"25","en","Legal, Finance & Security","Immigration Law","Consular Support"
"26","en","Legal, Finance & Security","Immigration Law","Relocation & Post-Move Adaptation"
"27","en","Legal, Finance & Security","Family Law","Consultations"
"28","en","Legal, Finance & Security","Family Law","Document Preparation"
"29","en","Legal, Finance & Security","Family Law","Legal or Financial Analysis"
"30","en","Legal, Finance & Security","Family Law","Registration & Filing"
"31","en","Legal, Finance & Security","Family Law","Representation"
"32","en","Legal, Finance & Security","Family Law","Pre-Litigation Support"
"33","en","Legal, Finance & Security","Family Law","Court or Administrative Representation"
"34","en","Legal, Finance & Security","Family Law","Audit & Review"
"35","en","Legal, Finance & Security","Family Law","Transaction Support"
"36","en","Legal, Finance & Security","Family Law","Ongoing Business Support"
"37","en","Legal, Finance & Security","Criminal Law","Consultations"
"38","en","Legal, Finance & Security","Criminal Law","Document Preparation"
"39","en","Legal, Finance & Security","Criminal Law","Legal or Financial Analysis"
"40","en","Legal, Finance & Security","Criminal Law","Registration & Filing"
"41","en","Legal, Finance & Security","Criminal Law","Representation"
"42","en","Legal, Finance & Security","Criminal Law","Pre-Litigation Support"
"43","en","Legal, Finance & Security","Criminal Law","Court or Administrative Representation"
"44","en","Legal, Finance & Security","Criminal Law","Audit & Review"
"45","en","Legal, Finance & Security","Criminal Law","Transaction Support"
"46","en","Legal, Finance & Security","Criminal Law","Ongoing Business Support"
"47","en","Legal, Finance & Security","Civil Litigation","Consultations"
"48","en","Legal, Finance & Security","Civil Litigation","Document Preparation"
"49","en","Legal, Finance & Security","Civil Litigation","Legal or Financial Analysis"
"50","en","Legal, Finance & Security","Civil Litigation","Registration & Filing"
"51","en","Legal, Finance & Security","Civil Litigation","Representation"
"52","en","Legal, Finance & Security","Civil Litigation","Pre-Litigation Support"
"53","en","Legal, Finance & Security","Civil Litigation","Court or Administrative Representation"
"54","en","Legal, Finance & Security","Civil Litigation","Audit & Review"
"55","en","Legal, Finance & Security","Civil Litigation","Transaction Support"
"56","en","Legal, Finance & Security","Civil Litigation","Ongoing Business Support"
"57","en","Legal, Finance & Security","Corporate & Commercial Law","Consultations"
"58","en","Legal, Finance & Security","Corporate & Commercial Law","Document Preparation"
"59","en","Legal, Finance & Security","Corporate & Commercial Law","Legal or Financial Analysis"
"60","en","Legal, Finance & Security","Corporate & Commercial Law","Registration & Filing"
"61","en","Legal, Finance & Security","Corporate & Commercial Law","Representation"
"62","en","Legal, Finance & Security","Corporate & Commercial Law","Pre-Litigation Support"
"63","en","Legal, Finance & Security","Corporate & Commercial Law","Court or Administrative Representation"
"64","en","Legal, Finance & Security","Corporate & Commercial Law","Audit & Review"
"65","en","Legal, Finance & Security","Corporate & Commercial Law","Transaction Support"
"66","en","Legal, Finance & Security","Corporate & Commercial Law","Ongoing Business Support"
"67","en","Legal, Finance & Security","Tax Law","Consultations"
"68","en","Legal, Finance & Security","Tax Law","Document Preparation"
"69","en","Legal, Finance & Security","Tax Law","Legal or Financial Analysis"
"70","en","Legal, Finance & Security","Tax Law","Registration & Filing"
"71","en","Legal, Finance & Security","Tax Law","Representation"
"72","en","Legal, Finance & Security","Tax Law","Pre-Litigation Support"
"73","en","Legal, Finance & Security","Tax Law","Court or Administrative Representation"
"74","en","Legal, Finance & Security","Tax Law","Audit & Review"
"75","en","Legal, Finance & Security","Tax Law","Transaction Support"
"76","en","Legal, Finance & Security","Tax Law","Ongoing Business Support"
"77","en","Legal, Finance & Security","Employment Law","Consultations"
"78","en","Legal, Finance & Security","Employment Law","Document Preparation"
"79","en","Legal, Finance & Security","Employment Law","Legal or Financial Analysis"
"80","en","Legal, Finance & Security","Employment Law","Registration & Filing"
"81","en","Legal, Finance & Security","Employment Law","Representation"
"82","en","Legal, Finance & Security","Employment Law","Pre-Litigation Support"
"83","en","Legal, Finance & Security","Employment Law","Court or Administrative Representation"
"84","en","Legal, Finance & Security","Employment Law","Audit & Review"
"85","en","Legal, Finance & Security","Employment Law","Transaction Support"
"86","en","Legal, Finance & Security","Employment Law","Ongoing Business Support"
"87","en","Legal, Finance & Security","Real Estate & Land Law","Consultations"
"88","en","Legal, Finance & Security","Real Estate & Land Law","Document Preparation"
"89","en","Legal, Finance & Security","Real Estate & Land Law","Legal or Financial Analysis"
"90","en","Legal, Finance & Security","Real Estate & Land Law","Registration & Filing"
"91","en","Legal, Finance & Security","Real Estate & Land Law","Representation"
"92","en","Legal, Finance & Security","Real Estate & Land Law","Pre-Litigation Support"
"93","en","Legal, Finance & Security","Real Estate & Land Law","Court or Administrative Representation"
"94","en","Legal, Finance & Security","Real Estate & Land Law","Audit & Review"
"95","en","Legal, Finance & Security","Real Estate & Land Law","Transaction Support"
"96","en","Legal, Finance & Security","Real Estate & Land Law","Ongoing Business Support"
"97","en","Legal, Finance & Security","International Law","Consultations"
"98","en","Legal, Finance & Security","International Law","Document Preparation"
"99","en","Legal, Finance & Security","International Law","Legal or Financial Analysis"
"100","en","Legal, Finance & Security","International Law","Registration & Filing"
"101","en","Legal, Finance & Security","International Law","Representation"
"102","en","Legal, Finance & Security","International Law","Pre-Litigation Support"
"103","en","Legal, Finance & Security","International Law","Court or Administrative Representation"
"104","en","Legal, Finance & Security","International Law","Audit & Review"
"105","en","Legal, Finance & Security","International Law","Transaction Support"
"106","en","Legal, Finance & Security","International Law","Ongoing Business Support"
"107","en","Legal, Finance & Security","Intellectual Property","Consultations"
"108","en","Legal, Finance & Security","Intellectual Property","Document Preparation"
"109","en","Legal, Finance & Security","Intellectual Property","Legal or Financial Analysis"
"110","en","Legal, Finance & Security","Intellectual Property","Registration & Filing"
"111","en","Legal, Finance & Security","Intellectual Property","Representation"
"112","en","Legal, Finance & Security","Intellectual Property","Pre-Litigation Support"
"113","en","Legal, Finance & Security","Intellectual Property","Court or Administrative Representation"
"114","en","Legal, Finance & Security","Intellectual Property","Audit & Review"
"115","en","Legal, Finance & Security","Intellectual Property","Transaction Support"
"116","en","Legal, Finance & Security","Intellectual Property","Ongoing Business Support"
"117","en","Legal, Finance & Security","Notary Services","Signature Certification"
"118","en","Legal, Finance & Security","Notary Services","Certified Copies"
"119","en","Legal, Finance & Security","Notary Services","Powers of Attorney"
"120","en","Legal, Finance & Security","Notary Services","Inheritance Matters"
"121","en","Legal, Finance & Security","Notary Services","Prenuptial Agreements"
"122","en","Legal, Finance & Security","Notary Services","Real Estate Transactions"
"123","en","Legal, Finance & Security","Notary Services","Apostille & Legalization"
"124","en","Legal, Finance & Security","Notary Services","Notarized Translations"
"125","en","Legal, Finance & Security","Notary Services","Consultations"
"126","en","Legal, Finance & Security","Notary Services","Document Preparation"
"127","en","Legal, Finance & Security","Notary Services","Legal or Financial Analysis"
"128","en","Legal, Finance & Security","Notary Services","Registration & Filing"
"129","en","Legal, Finance & Security","Notary Services","Representation"
"130","en","Legal, Finance & Security","Notary Services","Pre-Litigation Support"
"131","en","Legal, Finance & Security","Accounting Services","Bookkeeping"
"132","en","Legal, Finance & Security","Accounting Services","Payroll Services"
"133","en","Legal, Finance & Security","Accounting Services","Tax Reporting"
"134","en","Legal, Finance & Security","Accounting Services","Management Accounting"
"135","en","Legal, Finance & Security","Accounting Services","Accounting Reconstruction"
"136","en","Legal, Finance & Security","Accounting Services","Small Business Bookkeeping"
"137","en","Legal, Finance & Security","Accounting Services","QuickBooks / Xero Support"
"138","en","Legal, Finance & Security","Accounting Services","International Accounting"
"139","en","Legal, Finance & Security","Accounting Services","Consultations"
"140","en","Legal, Finance & Security","Accounting Services","Document Preparation"
"141","en","Legal, Finance & Security","Accounting Services","Legal or Financial Analysis"
"142","en","Legal, Finance & Security","Accounting Services","Registration & Filing"
"143","en","Legal, Finance & Security","Accounting Services","Representation"
"144","en","Legal, Finance & Security","Accounting Services","Pre-Litigation Support"
"145","en","Legal, Finance & Security","Audit & Financial Control","Consultations"
"146","en","Legal, Finance & Security","Audit & Financial Control","Document Preparation"
"147","en","Legal, Finance & Security","Audit & Financial Control","Legal or Financial Analysis"
"148","en","Legal, Finance & Security","Audit & Financial Control","Registration & Filing"
"149","en","Legal, Finance & Security","Audit & Financial Control","Representation"
"150","en","Legal, Finance & Security","Audit & Financial Control","Pre-Litigation Support"
"151","en","Legal, Finance & Security","Audit & Financial Control","Court or Administrative Representation"
"152","en","Legal, Finance & Security","Audit & Financial Control","Audit & Review"
"153","en","Legal, Finance & Security","Audit & Financial Control","Transaction Support"
"154","en","Legal, Finance & Security","Audit & Financial Control","Ongoing Business Support"
"155","en","Legal, Finance & Security","Insurance","Health Insurance"
"156","en","Legal, Finance & Security","Insurance","Auto Insurance"
"157","en","Legal, Finance & Security","Insurance","Property Insurance"
"158","en","Legal, Finance & Security","Insurance","Life Insurance"
"159","en","Legal, Finance & Security","Insurance","Travel Insurance"
"160","en","Legal, Finance & Security","Insurance","Business Insurance"
"161","en","Legal, Finance & Security","Insurance","Liability Insurance"
"162","en","Legal, Finance & Security","Insurance","Cargo Insurance"
"163","en","Legal, Finance & Security","Insurance","Consultations"
"164","en","Legal, Finance & Security","Insurance","Document Preparation"
"165","en","Healthcare, Health & Care","Multispecialty Clinics","Initial Consultation"
"166","en","Healthcare, Health & Care","Multispecialty Clinics","Preventive Checkup"
"167","en","Healthcare, Health & Care","Multispecialty Clinics","Diagnostics"
"168","en","Healthcare, Health & Care","Multispecialty Clinics","Outpatient Treatment"
"169","en","Healthcare, Health & Care","Multispecialty Clinics","Procedures & Treatments"
"170","en","Healthcare, Health & Care","Multispecialty Clinics","Second Medical Opinion"
"171","en","Healthcare, Health & Care","Multispecialty Clinics","Telemedicine"
"172","en","Healthcare, Health & Care","Multispecialty Clinics","Children's Programs"
"173","en","Healthcare, Health & Care","Multispecialty Clinics","Corporate Health Programs"
"174","en","Healthcare, Health & Care","Multispecialty Clinics","Rehabilitation"
"175","en","Healthcare, Health & Care","Multispecialty Clinics","Urgent Care"
"176","en","Healthcare, Health & Care","Family Medicine & Primary Care","Initial Consultation"
"177","en","Healthcare, Health & Care","Family Medicine & Primary Care","Preventive Checkup"
"178","en","Healthcare, Health & Care","Family Medicine & Primary Care","Diagnostics"
"179","en","Healthcare, Health & Care","Family Medicine & Primary Care","Outpatient Treatment"
"180","en","Healthcare, Health & Care","Family Medicine & Primary Care","Procedures & Treatments"
"181","en","Healthcare, Health & Care","Family Medicine & Primary Care","Second Medical Opinion"
"182","en","Healthcare, Health & Care","Family Medicine & Primary Care","Telemedicine"
"183","en","Healthcare, Health & Care","Family Medicine & Primary Care","Children's Programs"
"184","en","Healthcare, Health & Care","Family Medicine & Primary Care","Corporate Health Programs"
"185","en","Healthcare, Health & Care","Family Medicine & Primary Care","Rehabilitation"
"186","en","Healthcare, Health & Care","Urgent Care & Walk-In Services","Walk-in clinic"
"187","en","Healthcare, Health & Care","Urgent Care & Walk-In Services","Adult Urgent Care"
"188","en","Healthcare, Health & Care","Urgent Care & Walk-In Services","Pediatric Urgent Care"
"189","en","Healthcare, Health & Care","Urgent Care & Walk-In Services","Non-Hospital Injury Treatment"
"190","en","Healthcare, Health & Care","Urgent Care & Walk-In Services","Treatment of Infections & Colds"
"191","en","Healthcare, Health & Care","Urgent Care & Walk-In Services","Stitching & Wound Closure"
"192","en","Healthcare, Health & Care","Urgent Care & Walk-In Services","Urgent Care X-Ray"
"193","en","Healthcare, Health & Care","Urgent Care & Walk-In Services","Rapid Testing"
"194","en","Healthcare, Health & Care","Urgent Care & Walk-In Services","Vaccination"
"195","en","Healthcare, Health & Care","Urgent Care & Walk-In Services","Medical Certificates"
"196","en","Healthcare, Health & Care","Urgent Care & Walk-In Services","Occupational health"
"197","en","Healthcare, Health & Care","Urgent Care & Walk-In Services","Urgent Telemedicine Consultation"
"198","en","Healthcare, Health & Care","Dentistry","General Dentistry"
"199","en","Healthcare, Health & Care","Dentistry","Professional Dental Cleaning"
"200","en","Healthcare, Health & Care","Dentistry","Cavity Treatment"
"201","en","Healthcare, Health & Care","Dentistry","Endodontics"
"202","en","Healthcare, Health & Care","Dentistry","Orthodontics"
"203","en","Healthcare, Health & Care","Dentistry","Dental Implants"
"204","en","Healthcare, Health & Care","Dentistry","Prosthodontics"
"205","en","Healthcare, Health & Care","Dentistry","Oral Surgery"
"206","en","Healthcare, Health & Care","Dentistry","Periodontics"
"207","en","Healthcare, Health & Care","Dentistry","Pediatric Dentistry"
"208","en","Healthcare, Health & Care","Dentistry","Cosmetic Dentistry"
"209","en","Healthcare, Health & Care","Dentistry","Teeth Whitening"
"210","en","Healthcare, Health & Care","Dentistry","Emergency Dentistry"
"211","en","Healthcare, Health & Care","Dentistry","Dental X-Ray & 3D Imaging"
"212","en","Healthcare, Health & Care","Dentistry","Sedation & General Anesthesia Dentistry"
"213","en","Healthcare, Health & Care","Diagnostic Imaging","Initial Consultation"
"214","en","Healthcare, Health & Care","Diagnostic Imaging","Preventive Checkup"
"215","en","Healthcare, Health & Care","Diagnostic Imaging","Diagnostics"
"216","en","Healthcare, Health & Care","Diagnostic Imaging","Outpatient Treatment"
"217","en","Healthcare, Health & Care","Diagnostic Imaging","Procedures & Treatments"
"218","en","Healthcare, Health & Care","Diagnostic Imaging","Second Medical Opinion"
"219","en","Healthcare, Health & Care","Diagnostic Imaging","Telemedicine"
"220","en","Healthcare, Health & Care","Diagnostic Imaging","Children's Programs"
"221","en","Healthcare, Health & Care","Diagnostic Imaging","Corporate Health Programs"
"222","en","Healthcare, Health & Care","Diagnostic Imaging","Rehabilitation"
"223","en","Healthcare, Health & Care","Medical Laboratories","Initial Consultation"
"224","en","Healthcare, Health & Care","Medical Laboratories","Preventive Checkup"
"225","en","Healthcare, Health & Care","Medical Laboratories","Diagnostics"
"226","en","Healthcare, Health & Care","Medical Laboratories","Outpatient Treatment"
"227","en","Healthcare, Health & Care","Medical Laboratories","Procedures & Treatments"
"228","en","Healthcare, Health & Care","Medical Laboratories","Second Medical Opinion"
"229","en","Healthcare, Health & Care","Medical Laboratories","Telemedicine"
"230","en","Healthcare, Health & Care","Medical Laboratories","Children's Programs"
"231","en","Healthcare, Health & Care","Medical Laboratories","Corporate Health Programs"
"232","en","Healthcare, Health & Care","Medical Laboratories","Rehabilitation"
"233","en","Healthcare, Health & Care","Pediatrics","Initial Consultation"
"234","en","Healthcare, Health & Care","Pediatrics","Preventive Checkup"
"235","en","Healthcare, Health & Care","Pediatrics","Diagnostics"
"236","en","Healthcare, Health & Care","Pediatrics","Outpatient Treatment"
"237","en","Healthcare, Health & Care","Pediatrics","Procedures & Treatments"
"238","en","Healthcare, Health & Care","Pediatrics","Second Medical Opinion"
"239","en","Healthcare, Health & Care","Pediatrics","Telemedicine"
"240","en","Healthcare, Health & Care","Pediatrics","Children's Programs"
"241","en","Healthcare, Health & Care","Pediatrics","Corporate Health Programs"
"242","en","Healthcare, Health & Care","Pediatrics","Rehabilitation"
"243","en","Healthcare, Health & Care","Gynecology & Reproductive Health","Initial Consultation"
"244","en","Healthcare, Health & Care","Gynecology & Reproductive Health","Preventive Checkup"
"245","en","Healthcare, Health & Care","Gynecology & Reproductive Health","Diagnostics"
"246","en","Healthcare, Health & Care","Gynecology & Reproductive Health","Outpatient Treatment"
"247","en","Healthcare, Health & Care","Gynecology & Reproductive Health","Procedures & Treatments"
"248","en","Healthcare, Health & Care","Gynecology & Reproductive Health","Second Medical Opinion"
"249","en","Healthcare, Health & Care","Gynecology & Reproductive Health","Telemedicine"
"250","en","Healthcare, Health & Care","Gynecology & Reproductive Health","Children's Programs"
"251","en","Healthcare, Health & Care","Gynecology & Reproductive Health","Corporate Health Programs"
"252","en","Healthcare, Health & Care","Gynecology & Reproductive Health","Rehabilitation"
"253","en","Healthcare, Health & Care","Urology & Men's Health","Initial Consultation"
"254","en","Healthcare, Health & Care","Urology & Men's Health","Preventive Checkup"
"255","en","Healthcare, Health & Care","Urology & Men's Health","Diagnostics"
"256","en","Healthcare, Health & Care","Urology & Men's Health","Outpatient Treatment"
"257","en","Healthcare, Health & Care","Urology & Men's Health","Procedures & Treatments"
"258","en","Healthcare, Health & Care","Urology & Men's Health","Second Medical Opinion"
"259","en","Healthcare, Health & Care","Urology & Men's Health","Telemedicine"
"260","en","Healthcare, Health & Care","Urology & Men's Health","Children's Programs"
"261","en","Healthcare, Health & Care","Urology & Men's Health","Corporate Health Programs"
"262","en","Healthcare, Health & Care","Urology & Men's Health","Rehabilitation"
"263","en","Healthcare, Health & Care","Cardiology","Initial Consultation"
"264","en","Healthcare, Health & Care","Cardiology","Preventive Checkup"
"265","en","Healthcare, Health & Care","Cardiology","Diagnostics"
"266","en","Healthcare, Health & Care","Cardiology","Outpatient Treatment"
"267","en","Healthcare, Health & Care","Cardiology","Procedures & Treatments"
"268","en","Healthcare, Health & Care","Cardiology","Second Medical Opinion"
"269","en","Healthcare, Health & Care","Cardiology","Telemedicine"
"270","en","Healthcare, Health & Care","Cardiology","Children's Programs"
"271","en","Healthcare, Health & Care","Cardiology","Corporate Health Programs"
"272","en","Healthcare, Health & Care","Cardiology","Rehabilitation"
"273","en","Healthcare, Health & Care","Neurology","Initial Consultation"
"274","en","Healthcare, Health & Care","Neurology","Preventive Checkup"
"275","en","Healthcare, Health & Care","Neurology","Diagnostics"
"276","en","Healthcare, Health & Care","Neurology","Outpatient Treatment"
"277","en","Healthcare, Health & Care","Neurology","Procedures & Treatments"
"278","en","Healthcare, Health & Care","Neurology","Second Medical Opinion"
"279","en","Healthcare, Health & Care","Neurology","Telemedicine"
"280","en","Healthcare, Health & Care","Neurology","Children's Programs"
"281","en","Healthcare, Health & Care","Neurology","Corporate Health Programs"
"282","en","Healthcare, Health & Care","Neurology","Rehabilitation"
"283","en","Healthcare, Health & Care","Ophthalmology & Optical Services","Eye Exam"
"284","en","Healthcare, Health & Care","Ophthalmology & Optical Services","Eyeglass Fitting"
"285","en","Healthcare, Health & Care","Ophthalmology & Optical Services","Contact Lens Fitting"
"286","en","Healthcare, Health & Care","Ophthalmology & Optical Services","Pediatric Ophthalmology"
"287","en","Healthcare, Health & Care","Ophthalmology & Optical Services","Eye Disease Treatment"
"288","en","Healthcare, Health & Care","Ophthalmology & Optical Services","Eye Surgery"
"289","en","Healthcare, Health & Care","Ophthalmology & Optical Services","Laser Vision Correction"
"290","en","Healthcare, Health & Care","Ophthalmology & Optical Services","Optical Store & Lens Sales"
"291","en","Healthcare, Health & Care","Ophthalmology & Optical Services","Initial Consultation"
"292","en","Healthcare, Health & Care","Ophthalmology & Optical Services","Preventive Checkup"
"293","en","Healthcare, Health & Care","Orthopedics & Trauma Care","Initial Consultation"
"294","en","Healthcare, Health & Care","Orthopedics & Trauma Care","Preventive Checkup"
"295","en","Healthcare, Health & Care","Orthopedics & Trauma Care","Diagnostics"
"296","en","Healthcare, Health & Care","Orthopedics & Trauma Care","Outpatient Treatment"
"297","en","Healthcare, Health & Care","Orthopedics & Trauma Care","Procedures & Treatments"
"298","en","Healthcare, Health & Care","Orthopedics & Trauma Care","Second Medical Opinion"
"299","en","Healthcare, Health & Care","Orthopedics & Trauma Care","Telemedicine"
"300","en","Healthcare, Health & Care","Orthopedics & Trauma Care","Children's Programs"
"301","en","Healthcare, Health & Care","Orthopedics & Trauma Care","Corporate Health Programs"
"302","en","Healthcare, Health & Care","Orthopedics & Trauma Care","Rehabilitation"
"303","en","Healthcare, Health & Care","Dermatology","Initial Consultation"
"304","en","Healthcare, Health & Care","Dermatology","Preventive Checkup"
"305","en","Healthcare, Health & Care","Dermatology","Diagnostics"
"306","en","Healthcare, Health & Care","Dermatology","Outpatient Treatment"
"307","en","Healthcare, Health & Care","Dermatology","Procedures & Treatments"
"308","en","Healthcare, Health & Care","Dermatology","Second Medical Opinion"
"309","en","Healthcare, Health & Care","Dermatology","Telemedicine"
"310","en","Healthcare, Health & Care","Dermatology","Children's Programs"
"311","en","Healthcare, Health & Care","Dermatology","Corporate Health Programs"
"312","en","Healthcare, Health & Care","Dermatology","Rehabilitation"
"313","en","Healthcare, Health & Care","Mental Health & Psychotherapy","Individual Psychotherapy"
"314","en","Healthcare, Health & Care","Mental Health & Psychotherapy","Family Therapy"
"315","en","Healthcare, Health & Care","Mental Health & Psychotherapy","Couples Therapy"
"316","en","Healthcare, Health & Care","Mental Health & Psychotherapy","Child Psychologist"
"317","en","Healthcare, Health & Care","Mental Health & Psychotherapy","Adolescent Psychotherapy"
"318","en","Healthcare, Health & Care","Mental Health & Psychotherapy","Psychiatric Consultation"
"319","en","Healthcare, Health & Care","Mental Health & Psychotherapy","Anxiety Treatment"
"320","en","Healthcare, Health & Care","Mental Health & Psychotherapy","Depression Treatment"
"321","en","Healthcare, Health & Care","Mental Health & Psychotherapy","Trauma & PTSD"
"322","en","Healthcare, Health & Care","Mental Health & Psychotherapy","Addiction Treatment"
"323","en","Healthcare, Health & Care","Mental Health & Psychotherapy","Crisis Mental Health Support"
"324","en","Healthcare, Health & Care","Mental Health & Psychotherapy","Online Psychotherapy"
"325","en","Healthcare, Health & Care","Mental Health & Psychotherapy","Corporate Mental Health Programs"
"326","en","Beauty, Fitness & Recovery","Beauty Salons","Individual Service"
"327","en","Beauty, Fitness & Recovery","Beauty Salons","Comprehensive Program"
"328","en","Beauty, Fitness & Recovery","Beauty Salons","Express Service"
"329","en","Beauty, Fitness & Recovery","Beauty Salons","Personal Support"
"330","en","Beauty, Fitness & Recovery","Beauty Salons","Group Classes"
"331","en","Beauty, Fitness & Recovery","Beauty Salons","Services for Men"
"332","en","Beauty, Fitness & Recovery","Beauty Salons","Services for Women"
"333","en","Beauty, Fitness & Recovery","Beauty Salons","Children's Programs"
"334","en","Beauty, Fitness & Recovery","Beauty Salons","On-Site Service"
"335","en","Beauty, Fitness & Recovery","Beauty Salons","Online Format"
"336","en","Beauty, Fitness & Recovery","Hair Salons","Individual Service"
"337","en","Beauty, Fitness & Recovery","Hair Salons","Comprehensive Program"
"338","en","Beauty, Fitness & Recovery","Hair Salons","Express Service"
"339","en","Beauty, Fitness & Recovery","Hair Salons","Personal Support"
"340","en","Beauty, Fitness & Recovery","Hair Salons","Group Classes"
"341","en","Beauty, Fitness & Recovery","Hair Salons","Services for Men"
"342","en","Beauty, Fitness & Recovery","Hair Salons","Services for Women"
"343","en","Beauty, Fitness & Recovery","Hair Salons","Children's Programs"
"344","en","Beauty, Fitness & Recovery","Hair Salons","On-Site Service"
"345","en","Beauty, Fitness & Recovery","Hair Salons","Online Format"
"346","en","Beauty, Fitness & Recovery","Barbershops","Individual Service"
"347","en","Beauty, Fitness & Recovery","Barbershops","Comprehensive Program"
"348","en","Beauty, Fitness & Recovery","Barbershops","Express Service"
"349","en","Beauty, Fitness & Recovery","Barbershops","Personal Support"
"350","en","Beauty, Fitness & Recovery","Barbershops","Group Classes"
"351","en","Beauty, Fitness & Recovery","Barbershops","Services for Men"
"352","en","Beauty, Fitness & Recovery","Barbershops","Services for Women"
"353","en","Beauty, Fitness & Recovery","Barbershops","Children's Programs"
"354","en","Beauty, Fitness & Recovery","Barbershops","On-Site Service"
"355","en","Beauty, Fitness & Recovery","Barbershops","Online Format"
"356","en","Beauty, Fitness & Recovery","Cosmetology & Aesthetic Medicine","Facial Care"
"357","en","Beauty, Fitness & Recovery","Cosmetology & Aesthetic Medicine","Facial Cleansing"
"358","en","Beauty, Fitness & Recovery","Cosmetology & Aesthetic Medicine","Chemical Peels"
"359","en","Beauty, Fitness & Recovery","Cosmetology & Aesthetic Medicine","Injectable Aesthetics"
"360","en","Beauty, Fitness & Recovery","Cosmetology & Aesthetic Medicine","Device-Based Cosmetology"
"361","en","Beauty, Fitness & Recovery","Cosmetology & Aesthetic Medicine","Laser Treatments"
"362","en","Beauty, Fitness & Recovery","Cosmetology & Aesthetic Medicine","Dermal Fillers"
"363","en","Beauty, Fitness & Recovery","Cosmetology & Aesthetic Medicine","Skin Rejuvenation"
"364","en","Beauty, Fitness & Recovery","Cosmetology & Aesthetic Medicine","Acne Treatment"
"365","en","Beauty, Fitness & Recovery","Cosmetology & Aesthetic Medicine","Individual Service"
"366","en","Beauty, Fitness & Recovery","Manicure & Pedicure","Individual Service"
"367","en","Beauty, Fitness & Recovery","Manicure & Pedicure","Comprehensive Program"
"368","en","Beauty, Fitness & Recovery","Manicure & Pedicure","Express Service"
"369","en","Beauty, Fitness & Recovery","Manicure & Pedicure","Personal Support"
"370","en","Beauty, Fitness & Recovery","Manicure & Pedicure","Group Classes"
"371","en","Beauty, Fitness & Recovery","Manicure & Pedicure","Services for Men"
"372","en","Beauty, Fitness & Recovery","Manicure & Pedicure","Services for Women"
"373","en","Beauty, Fitness & Recovery","Manicure & Pedicure","Children's Programs"
"374","en","Beauty, Fitness & Recovery","Manicure & Pedicure","On-Site Service"
"375","en","Beauty, Fitness & Recovery","Manicure & Pedicure","Online Format"
"376","en","Beauty, Fitness & Recovery","Spa & Wellness","Individual Service"
"377","en","Beauty, Fitness & Recovery","Spa & Wellness","Comprehensive Program"
"378","en","Beauty, Fitness & Recovery","Spa & Wellness","Express Service"
"379","en","Beauty, Fitness & Recovery","Spa & Wellness","Personal Support"
"380","en","Beauty, Fitness & Recovery","Spa & Wellness","Group Classes"
"381","en","Beauty, Fitness & Recovery","Spa & Wellness","Services for Men"
"382","en","Beauty, Fitness & Recovery","Spa & Wellness","Services for Women"
"383","en","Beauty, Fitness & Recovery","Spa & Wellness","Children's Programs"
"384","en","Beauty, Fitness & Recovery","Spa & Wellness","On-Site Service"
"385","en","Beauty, Fitness & Recovery","Spa & Wellness","Online Format"
"386","en","Beauty, Fitness & Recovery","Massage","Individual Service"
"387","en","Beauty, Fitness & Recovery","Massage","Comprehensive Program"
"388","en","Beauty, Fitness & Recovery","Massage","Express Service"
"389","en","Beauty, Fitness & Recovery","Massage","Personal Support"
"390","en","Beauty, Fitness & Recovery","Massage","Group Classes"
"391","en","Beauty, Fitness & Recovery","Massage","Services for Men"
"392","en","Beauty, Fitness & Recovery","Massage","Services for Women"
"393","en","Beauty, Fitness & Recovery","Massage","Children's Programs"
"394","en","Beauty, Fitness & Recovery","Massage","On-Site Service"
"395","en","Beauty, Fitness & Recovery","Massage","Online Format"
"396","en","Beauty, Fitness & Recovery","Fitness Clubs","Gym"
"397","en","Beauty, Fitness & Recovery","Fitness Clubs","Group Fitness"
"398","en","Beauty, Fitness & Recovery","Fitness Clubs","Functional Training"
"399","en","Beauty, Fitness & Recovery","Fitness Clubs","Strength Training"
"400","en","Beauty, Fitness & Recovery","Fitness Clubs","Cardio Training"
"401","en","Beauty, Fitness & Recovery","Fitness Clubs","Weight Loss"
"402","en","Beauty, Fitness & Recovery","Fitness Clubs","Children's Fitness"
"403","en","Beauty, Fitness & Recovery","Fitness Clubs","Corporate Fitness"
"404","en","Beauty, Fitness & Recovery","Fitness Clubs","Online Training"
"405","en","Beauty, Fitness & Recovery","Fitness Clubs","Individual Service"
"406","en","Beauty, Fitness & Recovery","Personal Trainers","Individual Service"
"407","en","Beauty, Fitness & Recovery","Personal Trainers","Comprehensive Program"
"408","en","Beauty, Fitness & Recovery","Personal Trainers","Express Service"
"409","en","Beauty, Fitness & Recovery","Personal Trainers","Personal Support"
"410","en","Beauty, Fitness & Recovery","Personal Trainers","Group Classes"
"411","en","Beauty, Fitness & Recovery","Personal Trainers","Services for Men"
"412","en","Beauty, Fitness & Recovery","Personal Trainers","Services for Women"
"413","en","Beauty, Fitness & Recovery","Personal Trainers","Children's Programs"
"414","en","Beauty, Fitness & Recovery","Personal Trainers","On-Site Service"
"415","en","Beauty, Fitness & Recovery","Personal Trainers","Online Format"
"416","en","Beauty, Fitness & Recovery","Yoga & Pilates","Individual Service"
"417","en","Beauty, Fitness & Recovery","Yoga & Pilates","Comprehensive Program"
"418","en","Beauty, Fitness & Recovery","Yoga & Pilates","Express Service"
"419","en","Beauty, Fitness & Recovery","Yoga & Pilates","Personal Support"
"420","en","Beauty, Fitness & Recovery","Yoga & Pilates","Group Classes"
"421","en","Beauty, Fitness & Recovery","Yoga & Pilates","Services for Men"
"422","en","Beauty, Fitness & Recovery","Yoga & Pilates","Services for Women"
"423","en","Beauty, Fitness & Recovery","Yoga & Pilates","Children's Programs"
"424","en","Beauty, Fitness & Recovery","Yoga & Pilates","On-Site Service"
"425","en","Beauty, Fitness & Recovery","Yoga & Pilates","Online Format"
"426","en","Beauty, Fitness & Recovery","Dance Studios","Individual Service"
"427","en","Beauty, Fitness & Recovery","Dance Studios","Comprehensive Program"
"428","en","Beauty, Fitness & Recovery","Dance Studios","Express Service"
"429","en","Beauty, Fitness & Recovery","Dance Studios","Personal Support"
"430","en","Beauty, Fitness & Recovery","Dance Studios","Group Classes"
"431","en","Beauty, Fitness & Recovery","Dance Studios","Services for Men"
"432","en","Beauty, Fitness & Recovery","Dance Studios","Services for Women"
"433","en","Beauty, Fitness & Recovery","Dance Studios","Children's Programs"
"434","en","Beauty, Fitness & Recovery","Dance Studios","On-Site Service"
"435","en","Beauty, Fitness & Recovery","Dance Studios","Online Format"
"436","en","Beauty, Fitness & Recovery","Rehabilitation & Physiotherapy","Individual Service"
"437","en","Beauty, Fitness & Recovery","Rehabilitation & Physiotherapy","Comprehensive Program"
"438","en","Beauty, Fitness & Recovery","Rehabilitation & Physiotherapy","Express Service"
"439","en","Beauty, Fitness & Recovery","Rehabilitation & Physiotherapy","Personal Support"
"440","en","Beauty, Fitness & Recovery","Rehabilitation & Physiotherapy","Group Classes"
"441","en","Beauty, Fitness & Recovery","Rehabilitation & Physiotherapy","Services for Men"
"442","en","Beauty, Fitness & Recovery","Rehabilitation & Physiotherapy","Services for Women"
"443","en","Beauty, Fitness & Recovery","Rehabilitation & Physiotherapy","Children's Programs"
"444","en","Beauty, Fitness & Recovery","Rehabilitation & Physiotherapy","On-Site Service"
"445","en","Beauty, Fitness & Recovery","Rehabilitation & Physiotherapy","Online Format"
"446","en","Real Estate, Construction & Home Services","Real Estate Agencies","Residential Property Sales"
"447","en","Real Estate, Construction & Home Services","Real Estate Agencies","Residential Property Purchase"
"448","en","Real Estate, Construction & Home Services","Real Estate Agencies","Residential Rentals"
"449","en","Real Estate, Construction & Home Services","Real Estate Agencies","Commercial Real Estate"
"450","en","Real Estate, Construction & Home Services","Real Estate Agencies","New Developments"
"451","en","Real Estate, Construction & Home Services","Real Estate Agencies","Country Properties"
"452","en","Real Estate, Construction & Home Services","Real Estate Agencies","Land Plots"
"453","en","Real Estate, Construction & Home Services","Real Estate Agencies","Investment Property"
"454","en","Real Estate, Construction & Home Services","Real Estate Agencies","International Real Estate"
"455","en","Real Estate, Construction & Home Services","Real Estate Agencies","Luxury Real Estate"
"456","en","Real Estate, Construction & Home Services","Property Management","Consultation & Assessment"
"457","en","Real Estate, Construction & Home Services","Property Management","Design & Planning"
"458","en","Real Estate, Construction & Home Services","Property Management","Installation"
"459","en","Real Estate, Construction & Home Services","Property Management","Repair"
"460","en","Real Estate, Construction & Home Services","Property Management","Reconstruction"
"461","en","Real Estate, Construction & Home Services","Property Management","Maintenance"
"462","en","Real Estate, Construction & Home Services","Property Management","Emergency Call-Out"
"463","en","Real Estate, Construction & Home Services","Property Management","Turnkey Services"
"464","en","Real Estate, Construction & Home Services","Property Management","Residential Properties"
"465","en","Real Estate, Construction & Home Services","Property Management","Commercial Properties"
"466","en","Real Estate, Construction & Home Services","Real Estate Development & Investment Projects","Consultation & Assessment"
"467","en","Real Estate, Construction & Home Services","Real Estate Development & Investment Projects","Design & Planning"
"468","en","Real Estate, Construction & Home Services","Real Estate Development & Investment Projects","Installation"
"469","en","Real Estate, Construction & Home Services","Real Estate Development & Investment Projects","Repair"
"470","en","Real Estate, Construction & Home Services","Real Estate Development & Investment Projects","Reconstruction"
"471","en","Real Estate, Construction & Home Services","Real Estate Development & Investment Projects","Maintenance"
"472","en","Real Estate, Construction & Home Services","Real Estate Development & Investment Projects","Emergency Call-Out"
"473","en","Real Estate, Construction & Home Services","Real Estate Development & Investment Projects","Turnkey Services"
"474","en","Real Estate, Construction & Home Services","Real Estate Development & Investment Projects","Residential Properties"
"475","en","Real Estate, Construction & Home Services","Real Estate Development & Investment Projects","Commercial Properties"
"476","en","Real Estate, Construction & Home Services","Real Estate Development & Investment Projects","Industrial Properties"
"477","en","Real Estate, Construction & Home Services","Real Estate Development & Investment Projects","Design or Technical Supervision"
"478","en","Real Estate, Construction & Home Services","General Contractors","Consultation & Assessment"
"479","en","Real Estate, Construction & Home Services","General Contractors","Design & Planning"
"480","en","Real Estate, Construction & Home Services","General Contractors","Installation"
"481","en","Real Estate, Construction & Home Services","General Contractors","Repair"
"482","en","Real Estate, Construction & Home Services","General Contractors","Reconstruction"
"483","en","Real Estate, Construction & Home Services","General Contractors","Maintenance"
"484","en","Real Estate, Construction & Home Services","General Contractors","Emergency Call-Out"
"485","en","Real Estate, Construction & Home Services","General Contractors","Turnkey Services"
"486","en","Real Estate, Construction & Home Services","General Contractors","Residential Properties"
"487","en","Real Estate, Construction & Home Services","General Contractors","Commercial Properties"
"488","en","Real Estate, Construction & Home Services","Architecture & Design","Consultation & Assessment"
"489","en","Real Estate, Construction & Home Services","Architecture & Design","Design & Planning"
"490","en","Real Estate, Construction & Home Services","Architecture & Design","Installation"
"491","en","Real Estate, Construction & Home Services","Architecture & Design","Repair"
"492","en","Real Estate, Construction & Home Services","Architecture & Design","Reconstruction"
"493","en","Real Estate, Construction & Home Services","Architecture & Design","Maintenance"
"494","en","Real Estate, Construction & Home Services","Architecture & Design","Emergency Call-Out"
"495","en","Real Estate, Construction & Home Services","Architecture & Design","Turnkey Services"
"496","en","Real Estate, Construction & Home Services","Architecture & Design","Residential Properties"
"497","en","Real Estate, Construction & Home Services","Architecture & Design","Commercial Properties"
"498","en","Real Estate, Construction & Home Services","Interior Design","Brand Identity"
"499","en","Real Estate, Construction & Home Services","Interior Design","Logo"
"500","en","Real Estate, Construction & Home Services","Interior Design","Brand Guidelines"
"501","en","Real Estate, Construction & Home Services","Interior Design","Graphic Design"
"502","en","Real Estate, Construction & Home Services","Interior Design","Web Design"
"503","en","Real Estate, Construction & Home Services","Interior Design","Packaging Design"
"504","en","Real Estate, Construction & Home Services","Interior Design","Marketing Materials"
"505","en","Real Estate, Construction & Home Services","Interior Design","Presentations"
"506","en","Real Estate, Construction & Home Services","Interior Design","UX/UI Design"
"507","en","Real Estate, Construction & Home Services","Interior Design","Consultation & Assessment"
"508","en","Real Estate, Construction & Home Services","Renovation & Finishing","Consultation & Assessment"
"509","en","Real Estate, Construction & Home Services","Renovation & Finishing","Design & Planning"
"510","en","Real Estate, Construction & Home Services","Renovation & Finishing","Installation"
"511","en","Real Estate, Construction & Home Services","Renovation & Finishing","Repair"
"512","en","Real Estate, Construction & Home Services","Renovation & Finishing","Reconstruction"
"513","en","Real Estate, Construction & Home Services","Renovation & Finishing","Maintenance"
"514","en","Real Estate, Construction & Home Services","Renovation & Finishing","Emergency Call-Out"
"515","en","Real Estate, Construction & Home Services","Renovation & Finishing","Turnkey Services"
"516","en","Real Estate, Construction & Home Services","Renovation & Finishing","Residential Properties"
"517","en","Real Estate, Construction & Home Services","Renovation & Finishing","Commercial Properties"
"518","en","Real Estate, Construction & Home Services","Electricians","Electrical Wiring Installation"
"519","en","Real Estate, Construction & Home Services","Electricians","Electrical Wiring Repair"
"520","en","Real Estate, Construction & Home Services","Electricians","Electrical Panels"
"521","en","Real Estate, Construction & Home Services","Electricians","Lighting"
"522","en","Real Estate, Construction & Home Services","Electricians","Emergency Electrician"
"523","en","Real Estate, Construction & Home Services","Electricians","Commercial Properties"
"524","en","Real Estate, Construction & Home Services","Electricians","Industrial Electrical Installation"
"525","en","Real Estate, Construction & Home Services","Electricians","EV Charging Stations"
"526","en","Real Estate, Construction & Home Services","Electricians","Smart Home"
"527","en","Real Estate, Construction & Home Services","Electricians","Consultation & Assessment"
"528","en","Real Estate, Construction & Home Services","Plumbers","Leak Repair"
"529","en","Real Estate, Construction & Home Services","Plumbers","Pipe Installation"
"530","en","Real Estate, Construction & Home Services","Plumbers","Sewer Repair"
"531","en","Real Estate, Construction & Home Services","Plumbers","Drain Cleaning"
"532","en","Real Estate, Construction & Home Services","Plumbers","Plumbing Fixture Installation"
"533","en","Real Estate, Construction & Home Services","Plumbers","Water Heaters"
"534","en","Real Estate, Construction & Home Services","Plumbers","Emergency Plumber"
"535","en","Real Estate, Construction & Home Services","Plumbers","Commercial Plumbing"
"536","en","Real Estate, Construction & Home Services","Plumbers","Leak detection"
"537","en","Real Estate, Construction & Home Services","Plumbers","Consultation & Assessment"
"538","en","Real Estate, Construction & Home Services","HVAC: Heating, Ventilation & Air Conditioning","Air Conditioning Installation"
"539","en","Real Estate, Construction & Home Services","HVAC: Heating, Ventilation & Air Conditioning","Air Conditioning Repair"
"540","en","Real Estate, Construction & Home Services","HVAC: Heating, Ventilation & Air Conditioning","Heating Installation"
"541","en","Real Estate, Construction & Home Services","HVAC: Heating, Ventilation & Air Conditioning","Heating Repair"
"542","en","Real Estate, Construction & Home Services","HVAC: Heating, Ventilation & Air Conditioning","Ventilation"
"543","en","Real Estate, Construction & Home Services","HVAC: Heating, Ventilation & Air Conditioning","Heat Pumps"
"544","en","Real Estate, Construction & Home Services","HVAC: Heating, Ventilation & Air Conditioning","HVAC Maintenance"
"545","en","Real Estate, Construction & Home Services","HVAC: Heating, Ventilation & Air Conditioning","Commercial HVAC Systems"
"546","en","Real Estate, Construction & Home Services","HVAC: Heating, Ventilation & Air Conditioning","Emergency HVAC"
"547","en","Real Estate, Construction & Home Services","HVAC: Heating, Ventilation & Air Conditioning","Consultation & Assessment"
"548","en","Real Estate, Construction & Home Services","Roofing","Consultation & Assessment"
"549","en","Real Estate, Construction & Home Services","Roofing","Design & Planning"
"550","en","Real Estate, Construction & Home Services","Roofing","Installation"
"551","en","Real Estate, Construction & Home Services","Roofing","Repair"
"552","en","Real Estate, Construction & Home Services","Roofing","Reconstruction"
"553","en","Real Estate, Construction & Home Services","Roofing","Maintenance"
"554","en","Real Estate, Construction & Home Services","Roofing","Emergency Call-Out"
"555","en","Real Estate, Construction & Home Services","Roofing","Turnkey Services"
"556","en","Real Estate, Construction & Home Services","Roofing","Residential Properties"
"557","en","Real Estate, Construction & Home Services","Roofing","Commercial Properties"
"558","en","Real Estate, Construction & Home Services","Windows, Doors & Glass","Consultation & Assessment"
"559","en","Real Estate, Construction & Home Services","Windows, Doors & Glass","Design & Planning"
"560","en","Real Estate, Construction & Home Services","Windows, Doors & Glass","Installation"
"561","en","Real Estate, Construction & Home Services","Windows, Doors & Glass","Repair"
"562","en","Real Estate, Construction & Home Services","Windows, Doors & Glass","Reconstruction"
"563","en","Real Estate, Construction & Home Services","Windows, Doors & Glass","Maintenance"
"564","en","Real Estate, Construction & Home Services","Windows, Doors & Glass","Emergency Call-Out"
"565","en","Real Estate, Construction & Home Services","Windows, Doors & Glass","Turnkey Services"
"566","en","Real Estate, Construction & Home Services","Windows, Doors & Glass","Residential Properties"
"567","en","Real Estate, Construction & Home Services","Windows, Doors & Glass","Commercial Properties"
"568","en","Real Estate, Construction & Home Services","Joinery & Carpentry","Consultation & Assessment"
"569","en","Real Estate, Construction & Home Services","Joinery & Carpentry","Design & Planning"
"570","en","Real Estate, Construction & Home Services","Joinery & Carpentry","Installation"
"571","en","Real Estate, Construction & Home Services","Joinery & Carpentry","Repair"
"572","en","Real Estate, Construction & Home Services","Joinery & Carpentry","Reconstruction"
"573","en","Real Estate, Construction & Home Services","Joinery & Carpentry","Maintenance"
"574","en","Real Estate, Construction & Home Services","Joinery & Carpentry","Emergency Call-Out"
"575","en","Real Estate, Construction & Home Services","Joinery & Carpentry","Turnkey Services"
"576","en","Real Estate, Construction & Home Services","Joinery & Carpentry","Residential Properties"
"577","en","Real Estate, Construction & Home Services","Joinery & Carpentry","Commercial Properties"
"578","en","Real Estate, Construction & Home Services","Cleaning Services","House Cleaning"
"579","en","Real Estate, Construction & Home Services","Cleaning Services","Apartment Cleaning"
"580","en","Real Estate, Construction & Home Services","Cleaning Services","Commercial Cleaning"
"581","en","Real Estate, Construction & Home Services","Cleaning Services","Post-Construction Cleaning"
"582","en","Real Estate, Construction & Home Services","Cleaning Services","Office Cleaning"
"583","en","Real Estate, Construction & Home Services","Cleaning Services","Window Cleaning"
"584","en","Real Estate, Construction & Home Services","Cleaning Services","Upholstery Cleaning"
"585","en","Real Estate, Construction & Home Services","Cleaning Services","Carpet Cleaning"
"586","en","Real Estate, Construction & Home Services","Cleaning Services","Airbnb Cleaning"
"587","en","Real Estate, Construction & Home Services","Cleaning Services","Move-In / Move-Out Cleaning"
"588","en","Real Estate, Construction & Home Services","Landscaping & Grounds Maintenance","Consultation & Assessment"
"589","en","Real Estate, Construction & Home Services","Landscaping & Grounds Maintenance","Design & Planning"
"590","en","Real Estate, Construction & Home Services","Landscaping & Grounds Maintenance","Installation"
"591","en","Real Estate, Construction & Home Services","Landscaping & Grounds Maintenance","Repair"
"592","en","Real Estate, Construction & Home Services","Landscaping & Grounds Maintenance","Reconstruction"
"593","en","Real Estate, Construction & Home Services","Landscaping & Grounds Maintenance","Maintenance"
"594","en","Real Estate, Construction & Home Services","Landscaping & Grounds Maintenance","Emergency Call-Out"
"595","en","Real Estate, Construction & Home Services","Landscaping & Grounds Maintenance","Turnkey Services"
"596","en","Real Estate, Construction & Home Services","Landscaping & Grounds Maintenance","Residential Properties"
"597","en","Real Estate, Construction & Home Services","Landscaping & Grounds Maintenance","Commercial Properties"
"598","en","Automotive, Transportation & Logistics","General Auto Repair Shops","Scheduled Maintenance"
"599","en","Automotive, Transportation & Logistics","General Auto Repair Shops","Brake System Repair"
"600","en","Automotive, Transportation & Logistics","General Auto Repair Shops","Suspension Repair"
"601","en","Automotive, Transportation & Logistics","General Auto Repair Shops","Steering Repair"
"602","en","Automotive, Transportation & Logistics","General Auto Repair Shops","Exhaust System Repair"
"603","en","Automotive, Transportation & Logistics","General Auto Repair Shops","Air Conditioning Service"
"604","en","Automotive, Transportation & Logistics","General Auto Repair Shops","Computer Diagnostics"
"605","en","Automotive, Transportation & Logistics","General Auto Repair Shops","Pre-Purchase Vehicle Inspection"
"606","en","Automotive, Transportation & Logistics","General Auto Repair Shops","Commercial Vehicle Service"
"607","en","Automotive, Transportation & Logistics","General Auto Repair Shops","Mobile Mechanic"
"608","en","Automotive, Transportation & Logistics","General Auto Repair Shops","State / safety inspection"
"609","en","Automotive, Transportation & Logistics","General Auto Repair Shops","European Vehicle Service"
"610","en","Automotive, Transportation & Logistics","General Auto Repair Shops","American Vehicle Service"
"611","en","Automotive, Transportation & Logistics","Engine & Transmission Repair","Gasoline Engine Repair"
"612","en","Automotive, Transportation & Logistics","Engine & Transmission Repair","Diesel Engine Repair"
"613","en","Automotive, Transportation & Logistics","Engine & Transmission Repair","Engine Rebuild"
"614","en","Automotive, Transportation & Logistics","Engine & Transmission Repair","Automatic Transmission Repair"
"615","en","Automotive, Transportation & Logistics","Engine & Transmission Repair","Manual Transmission Repair"
"616","en","Automotive, Transportation & Logistics","Engine & Transmission Repair","CVT Repair"
"617","en","Automotive, Transportation & Logistics","Engine & Transmission Repair","Transfer Case Repair"
"618","en","Automotive, Transportation & Logistics","Engine & Transmission Repair","Differential Repair"
"619","en","Automotive, Transportation & Logistics","Engine & Transmission Repair","Engine Diagnostics"
"620","en","Automotive, Transportation & Logistics","Engine & Transmission Repair","Transmission Diagnostics"
"621","en","Automotive, Transportation & Logistics","Engine & Transmission Repair","Engine Replacement"
"622","en","Automotive, Transportation & Logistics","Engine & Transmission Repair","Transmission Replacement"
"623","en","Automotive, Transportation & Logistics","Auto Body Repair & Collision Centers","Collision Repair"
"624","en","Automotive, Transportation & Logistics","Auto Body Repair & Collision Centers","Auto Painting"
"625","en","Automotive, Transportation & Logistics","Auto Body Repair & Collision Centers","Bumper Repair"
"626","en","Automotive, Transportation & Logistics","Auto Body Repair & Collision Centers","Paintless Dent Repair"
"627","en","Automotive, Transportation & Logistics","Auto Body Repair & Collision Centers","Frame & Structural Alignment Repair"
"628","en","Automotive, Transportation & Logistics","Auto Body Repair & Collision Centers","Auto Glass Replacement"
"629","en","Automotive, Transportation & Logistics","Auto Body Repair & Collision Centers","Hail Damage Repair"
"630","en","Automotive, Transportation & Logistics","Auto Body Repair & Collision Centers","Insurance Repair"
"631","en","Automotive, Transportation & Logistics","Auto Body Repair & Collision Centers","Damage Assessment"
"632","en","Automotive, Transportation & Logistics","Auto Body Repair & Collision Centers","Classic Car Restoration"
"633","en","Automotive, Transportation & Logistics","Auto Body Repair & Collision Centers","Truck Body Repair"
"634","en","Automotive, Transportation & Logistics","Tire Shops & Tire Service","Diagnostics"
"635","en","Automotive, Transportation & Logistics","Tire Shops & Tire Service","Scheduled Maintenance"
"636","en","Automotive, Transportation & Logistics","Tire Shops & Tire Service","Repair"
"637","en","Automotive, Transportation & Logistics","Tire Shops & Tire Service","Sales"
"638","en","Automotive, Transportation & Logistics","Tire Shops & Tire Service","Rental"
"639","en","Automotive, Transportation & Logistics","Tire Shops & Tire Service","Emergency Assistance"
"640","en","Automotive, Transportation & Logistics","Tire Shops & Tire Service","Corporate & Fleet Service"
"641","en","Automotive, Transportation & Logistics","Tire Shops & Tire Service","Passenger Vehicles"
"642","en","Automotive, Transportation & Logistics","Tire Shops & Tire Service","Commercial Vehicles"
"643","en","Automotive, Transportation & Logistics","Tire Shops & Tire Service","Heavy-Duty Vehicles"
"644","en","Automotive, Transportation & Logistics","Auto Electrical & Diagnostics","Diagnostics"
"645","en","Automotive, Transportation & Logistics","Auto Electrical & Diagnostics","Scheduled Maintenance"
"646","en","Automotive, Transportation & Logistics","Auto Electrical & Diagnostics","Repair"
"647","en","Automotive, Transportation & Logistics","Auto Electrical & Diagnostics","Sales"
"648","en","Automotive, Transportation & Logistics","Auto Electrical & Diagnostics","Rental"
"649","en","Automotive, Transportation & Logistics","Auto Electrical & Diagnostics","Emergency Assistance"
"650","en","Automotive, Transportation & Logistics","Auto Electrical & Diagnostics","Corporate & Fleet Service"
"651","en","Automotive, Transportation & Logistics","Auto Electrical & Diagnostics","Passenger Vehicles"
"652","en","Automotive, Transportation & Logistics","Auto Electrical & Diagnostics","Commercial Vehicles"
"653","en","Automotive, Transportation & Logistics","Auto Electrical & Diagnostics","Heavy-Duty Vehicles"
"654","en","Automotive, Transportation & Logistics","Oil Change & Quick Service","Diagnostics"
"655","en","Automotive, Transportation & Logistics","Oil Change & Quick Service","Scheduled Maintenance"
"656","en","Automotive, Transportation & Logistics","Oil Change & Quick Service","Repair"
"657","en","Automotive, Transportation & Logistics","Oil Change & Quick Service","Sales"
"658","en","Automotive, Transportation & Logistics","Oil Change & Quick Service","Rental"
"659","en","Automotive, Transportation & Logistics","Oil Change & Quick Service","Emergency Assistance"
"660","en","Automotive, Transportation & Logistics","Oil Change & Quick Service","Corporate & Fleet Service"
"661","en","Automotive, Transportation & Logistics","Oil Change & Quick Service","Passenger Vehicles"
"662","en","Automotive, Transportation & Logistics","Oil Change & Quick Service","Commercial Vehicles"
"663","en","Automotive, Transportation & Logistics","Oil Change & Quick Service","Heavy-Duty Vehicles"
"664","en","Automotive, Transportation & Logistics","Truck & Diesel Repair","Truck repair"
"665","en","Automotive, Transportation & Logistics","Truck & Diesel Repair","Diesel engine repair"
"666","en","Automotive, Transportation & Logistics","Truck & Diesel Repair","Semi-Truck Repair"
"667","en","Automotive, Transportation & Logistics","Truck & Diesel Repair","Trailer Repair"
"668","en","Automotive, Transportation & Logistics","Truck & Diesel Repair","Mobile truck repair"
"669","en","Automotive, Transportation & Logistics","Truck & Diesel Repair","Roadside truck assistance"
"670","en","Automotive, Transportation & Logistics","Truck & Diesel Repair","Truck Brake Repair"
"671","en","Automotive, Transportation & Logistics","Truck & Diesel Repair","Truck Transmission Repair"
"672","en","Automotive, Transportation & Logistics","Truck & Diesel Repair","DOT inspection"
"673","en","Automotive, Transportation & Logistics","Truck & Diesel Repair","Fleet maintenance"
"674","en","Automotive, Transportation & Logistics","Truck & Diesel Repair","Reefer Unit Repair"
"675","en","Automotive, Transportation & Logistics","Truck & Diesel Repair","Heavy Equipment Repair"
"676","en","Automotive, Transportation & Logistics","EV & Hybrid Repair","Diagnostics"
"677","en","Automotive, Transportation & Logistics","EV & Hybrid Repair","Scheduled Maintenance"
"678","en","Automotive, Transportation & Logistics","EV & Hybrid Repair","Repair"
"679","en","Automotive, Transportation & Logistics","EV & Hybrid Repair","Sales"
"680","en","Automotive, Transportation & Logistics","EV & Hybrid Repair","Rental"
"681","en","Automotive, Transportation & Logistics","EV & Hybrid Repair","Emergency Assistance"
"682","en","Automotive, Transportation & Logistics","EV & Hybrid Repair","Corporate & Fleet Service"
"683","en","Automotive, Transportation & Logistics","EV & Hybrid Repair","Passenger Vehicles"
"684","en","Automotive, Transportation & Logistics","EV & Hybrid Repair","Commercial Vehicles"
"685","en","Automotive, Transportation & Logistics","EV & Hybrid Repair","Heavy-Duty Vehicles"
"686","en","Automotive, Transportation & Logistics","Car Wash & Detailing","Diagnostics"
"687","en","Automotive, Transportation & Logistics","Car Wash & Detailing","Scheduled Maintenance"
"688","en","Automotive, Transportation & Logistics","Car Wash & Detailing","Repair"
"689","en","Automotive, Transportation & Logistics","Car Wash & Detailing","Sales"
"690","en","Automotive, Transportation & Logistics","Car Wash & Detailing","Rental"
"691","en","Automotive, Transportation & Logistics","Car Wash & Detailing","Emergency Assistance"
"692","en","Automotive, Transportation & Logistics","Car Wash & Detailing","Corporate & Fleet Service"
"693","en","Automotive, Transportation & Logistics","Car Wash & Detailing","Passenger Vehicles"
"694","en","Automotive, Transportation & Logistics","Car Wash & Detailing","Commercial Vehicles"
"695","en","Automotive, Transportation & Logistics","Car Wash & Detailing","Heavy-Duty Vehicles"
"696","en","Automotive, Transportation & Logistics","Auto Dealerships","New Vehicles"
"697","en","Automotive, Transportation & Logistics","Auto Dealerships","Used Vehicles"
"698","en","Automotive, Transportation & Logistics","Auto Dealerships","Commercial Vehicles"
"699","en","Automotive, Transportation & Logistics","Auto Dealerships","Trucks"
"700","en","Automotive, Transportation & Logistics","Auto Dealerships","Electric Vehicles"
"701","en","Automotive, Transportation & Logistics","Auto Dealerships","Trade-In"
"702","en","Automotive, Transportation & Logistics","Auto Dealerships","Auction Vehicles"
"703","en","Automotive, Transportation & Logistics","Auto Dealerships","Vehicle Import"
"704","en","Automotive, Transportation & Logistics","Auto Dealerships","Vehicle Sourcing"
"705","en","Automotive, Transportation & Logistics","Auto Dealerships","Auto Financing"
"706","en","Automotive, Transportation & Logistics","Car Rental & Leasing","Diagnostics"
"707","en","Automotive, Transportation & Logistics","Car Rental & Leasing","Scheduled Maintenance"
"708","en","Automotive, Transportation & Logistics","Car Rental & Leasing","Repair"
"709","en","Automotive, Transportation & Logistics","Car Rental & Leasing","Sales"
"710","en","Automotive, Transportation & Logistics","Car Rental & Leasing","Rental"
"711","en","Automotive, Transportation & Logistics","Car Rental & Leasing","Emergency Assistance"
"712","en","Automotive, Transportation & Logistics","Car Rental & Leasing","Corporate & Fleet Service"
"713","en","Automotive, Transportation & Logistics","Car Rental & Leasing","Passenger Vehicles"
"714","en","Automotive, Transportation & Logistics","Car Rental & Leasing","Commercial Vehicles"
"715","en","Automotive, Transportation & Logistics","Car Rental & Leasing","Heavy-Duty Vehicles"
"716","en","Automotive, Transportation & Logistics","Towing & Roadside Assistance","Diagnostics"
"717","en","Automotive, Transportation & Logistics","Towing & Roadside Assistance","Scheduled Maintenance"
"718","en","Automotive, Transportation & Logistics","Towing & Roadside Assistance","Repair"
"719","en","Automotive, Transportation & Logistics","Towing & Roadside Assistance","Sales"
"720","en","Automotive, Transportation & Logistics","Towing & Roadside Assistance","Rental"
"721","en","Automotive, Transportation & Logistics","Towing & Roadside Assistance","Emergency Assistance"
"722","en","Automotive, Transportation & Logistics","Towing & Roadside Assistance","Corporate & Fleet Service"
"723","en","Automotive, Transportation & Logistics","Towing & Roadside Assistance","Passenger Vehicles"
"724","en","Automotive, Transportation & Logistics","Towing & Roadside Assistance","Commercial Vehicles"
"725","en","Automotive, Transportation & Logistics","Towing & Roadside Assistance","Heavy-Duty Vehicles"
"726","en","Automotive, Transportation & Logistics","Freight Transportation & Trucking","FTL Freight"
"727","en","Automotive, Transportation & Logistics","Freight Transportation & Trucking","LTL Freight"
"728","en","Automotive, Transportation & Logistics","Freight Transportation & Trucking","Dry van"
"729","en","Automotive, Transportation & Logistics","Freight Transportation & Trucking","Reefer Freight"
"730","en","Automotive, Transportation & Logistics","Freight Transportation & Trucking","Flatbed Freight"
"731","en","Automotive, Transportation & Logistics","Freight Transportation & Trucking","Container Shipping"
"732","en","Automotive, Transportation & Logistics","Freight Transportation & Trucking","Vehicle Transport"
"733","en","Automotive, Transportation & Logistics","Freight Transportation & Trucking","Oversized Loads"
"734","en","Automotive, Transportation & Logistics","Freight Transportation & Trucking","Hazardous Materials Transport"
"735","en","Automotive, Transportation & Logistics","Freight Transportation & Trucking","International Freight"
"736","en","Automotive, Transportation & Logistics","Freight Transportation & Trucking","Long-Haul Transportation"
"737","en","Automotive, Transportation & Logistics","Freight Transportation & Trucking","Freight Forwarding"
"738","en","Automotive, Transportation & Logistics","Freight Transportation & Trucking","Truck Dispatching"
"739","en","Automotive, Transportation & Logistics","Freight Transportation & Trucking","Last-mile freight"
"740","en","Automotive, Transportation & Logistics","Freight Transportation & Trucking","Moving & Household Goods"
"741","en","Automotive, Transportation & Logistics","Courier & Last-Mile Delivery","Diagnostics"
"742","en","Automotive, Transportation & Logistics","Courier & Last-Mile Delivery","Scheduled Maintenance"
"743","en","Automotive, Transportation & Logistics","Courier & Last-Mile Delivery","Repair"
"744","en","Automotive, Transportation & Logistics","Courier & Last-Mile Delivery","Sales"
"745","en","Automotive, Transportation & Logistics","Courier & Last-Mile Delivery","Rental"
"746","en","Automotive, Transportation & Logistics","Courier & Last-Mile Delivery","Emergency Assistance"
"747","en","Automotive, Transportation & Logistics","Courier & Last-Mile Delivery","Corporate & Fleet Service"
"748","en","Automotive, Transportation & Logistics","Courier & Last-Mile Delivery","Passenger Vehicles"
"749","en","Automotive, Transportation & Logistics","Courier & Last-Mile Delivery","Commercial Vehicles"
"750","en","Automotive, Transportation & Logistics","Courier & Last-Mile Delivery","Heavy-Duty Vehicles"
"751","en","Business & Professional Services","Business Consulting","Consultation"
"752","en","Business & Professional Services","Business Consulting","Current-State Audit"
"753","en","Business & Professional Services","Business Consulting","Strategy Development"
"754","en","Business & Professional Services","Business Consulting","Business Plan Preparation"
"755","en","Business & Professional Services","Business Consulting","Project Launch"
"756","en","Business & Professional Services","Business Consulting","Operational Support"
"757","en","Business & Professional Services","Business Consulting","Team Training"
"758","en","Business & Professional Services","Business Consulting","Solution Selection"
"759","en","Business & Professional Services","Business Consulting","Ongoing Support"
"760","en","Business & Professional Services","Business Consulting","Crisis Management"
"761","en","Business & Professional Services","Business Consulting","International Expansion"
"762","en","Business & Professional Services","Management & Strategy Consulting","Consultation"
"763","en","Business & Professional Services","Management & Strategy Consulting","Current-State Audit"
"764","en","Business & Professional Services","Management & Strategy Consulting","Strategy Development"
"765","en","Business & Professional Services","Management & Strategy Consulting","Business Plan Preparation"
"766","en","Business & Professional Services","Management & Strategy Consulting","Project Launch"
"767","en","Business & Professional Services","Management & Strategy Consulting","Operational Support"
"768","en","Business & Professional Services","Management & Strategy Consulting","Team Training"
"769","en","Business & Professional Services","Management & Strategy Consulting","Solution Selection"
"770","en","Business & Professional Services","Management & Strategy Consulting","Ongoing Support"
"771","en","Business & Professional Services","Management & Strategy Consulting","Crisis Management"
"772","en","Business & Professional Services","Management & Strategy Consulting","International Expansion"
"773","en","Business & Professional Services","Franchises & Franchising","Franchise Directory"
"774","en","Business & Professional Services","Franchises & Franchising","Franchise Development"
"775","en","Business & Professional Services","Franchises & Franchising","Franchise Packaging"
"776","en","Business & Professional Services","Franchises & Franchising","Franchise Sales"
"777","en","Business & Professional Services","Franchises & Franchising","Franchise Acquisition"
"778","en","Business & Professional Services","Franchises & Franchising","Franchise Consulting"
"779","en","Business & Professional Services","Franchises & Franchising","Franchise Legal Support"
"780","en","Business & Professional Services","Franchises & Franchising","Franchise Financial Model"
"781","en","Business & Professional Services","Franchises & Franchising","Franchise Network Marketing"
"782","en","Business & Professional Services","Franchises & Franchising","Franchisee Recruitment"
"783","en","Business & Professional Services","Franchises & Franchising","Franchise Audit"
"784","en","Business & Professional Services","Franchises & Franchising","International Franchising"
"785","en","Business & Professional Services","Franchises & Franchising","Master Franchise"
"786","en","Business & Professional Services","Franchises & Franchising","Franchisee Training"
"787","en","Business & Professional Services","Franchises & Franchising","Franchise Network Management"
"788","en","Business & Professional Services","Buying & Selling Businesses","Consultation"
"789","en","Business & Professional Services","Buying & Selling Businesses","Current-State Audit"
"790","en","Business & Professional Services","Buying & Selling Businesses","Strategy Development"
"791","en","Business & Professional Services","Buying & Selling Businesses","Business Plan Preparation"
"792","en","Business & Professional Services","Buying & Selling Businesses","Project Launch"
"793","en","Business & Professional Services","Buying & Selling Businesses","Operational Support"
"794","en","Business & Professional Services","Buying & Selling Businesses","Team Training"
"795","en","Business & Professional Services","Buying & Selling Businesses","Solution Selection"
"796","en","Business & Professional Services","Buying & Selling Businesses","Ongoing Support"
"797","en","Business & Professional Services","Buying & Selling Businesses","Crisis Management"
"798","en","Business & Professional Services","Investment & Financial Projects","Consultation"
"799","en","Business & Professional Services","Investment & Financial Projects","Current-State Audit"
"800","en","Business & Professional Services","Investment & Financial Projects","Strategy Development"
"801","en","Business & Professional Services","Investment & Financial Projects","Business Plan Preparation"
"802","en","Business & Professional Services","Investment & Financial Projects","Project Launch"
"803","en","Business & Professional Services","Investment & Financial Projects","Operational Support"
"804","en","Business & Professional Services","Investment & Financial Projects","Team Training"
"805","en","Business & Professional Services","Investment & Financial Projects","Solution Selection"
"806","en","Business & Professional Services","Investment & Financial Projects","Ongoing Support"
"807","en","Business & Professional Services","Investment & Financial Projects","Crisis Management"
"808","en","Business & Professional Services","Investment & Financial Projects","International Expansion"
"809","en","Business & Professional Services","HR & Recruitment","Consultation"
"810","en","Business & Professional Services","HR & Recruitment","Current-State Audit"
"811","en","Business & Professional Services","HR & Recruitment","Strategy Development"
"812","en","Business & Professional Services","HR & Recruitment","Business Plan Preparation"
"813","en","Business & Professional Services","HR & Recruitment","Project Launch"
"814","en","Business & Professional Services","HR & Recruitment","Operational Support"
"815","en","Business & Professional Services","HR & Recruitment","Team Training"
"816","en","Business & Professional Services","HR & Recruitment","Solution Selection"
"817","en","Business & Professional Services","HR & Recruitment","Ongoing Support"
"818","en","Business & Professional Services","HR & Recruitment","Crisis Management"
"819","en","Business & Professional Services","HR Administration & Payroll","Consultation"
"820","en","Business & Professional Services","HR Administration & Payroll","Current-State Audit"
"821","en","Business & Professional Services","HR Administration & Payroll","Strategy Development"
"822","en","Business & Professional Services","HR Administration & Payroll","Business Plan Preparation"
"823","en","Business & Professional Services","HR Administration & Payroll","Project Launch"
"824","en","Business & Professional Services","HR Administration & Payroll","Operational Support"
"825","en","Business & Professional Services","HR Administration & Payroll","Team Training"
"826","en","Business & Professional Services","HR Administration & Payroll","Solution Selection"
"827","en","Business & Professional Services","HR Administration & Payroll","Ongoing Support"
"828","en","Business & Professional Services","HR Administration & Payroll","Crisis Management"
"829","en","Business & Professional Services","Business Process Outsourcing","Consultation"
"830","en","Business & Professional Services","Business Process Outsourcing","Current-State Audit"
"831","en","Business & Professional Services","Business Process Outsourcing","Strategy Development"
"832","en","Business & Professional Services","Business Process Outsourcing","Business Plan Preparation"
"833","en","Business & Professional Services","Business Process Outsourcing","Project Launch"
"834","en","Business & Professional Services","Business Process Outsourcing","Operational Support"
"835","en","Business & Professional Services","Business Process Outsourcing","Team Training"
"836","en","Business & Professional Services","Business Process Outsourcing","Solution Selection"
"837","en","Business & Professional Services","Business Process Outsourcing","Ongoing Support"
"838","en","Business & Professional Services","Business Process Outsourcing","Crisis Management"
"839","en","Business & Professional Services","Translation, Localization & Apostille","Written Translation"
"840","en","Business & Professional Services","Translation, Localization & Apostille","Interpretation"
"841","en","Business & Professional Services","Translation, Localization & Apostille","Simultaneous Interpretation"
"842","en","Business & Professional Services","Translation, Localization & Apostille","Notarized Translation"
"843","en","Business & Professional Services","Translation, Localization & Apostille","Sworn Translation"
"844","en","Business & Professional Services","Translation, Localization & Apostille","Website & App Localization"
"845","en","Business & Professional Services","Translation, Localization & Apostille","Legal Document Translation"
"846","en","Business & Professional Services","Translation, Localization & Apostille","Medical Document Translation"
"847","en","Business & Professional Services","Translation, Localization & Apostille","Apostille"
"848","en","Business & Professional Services","Translation, Localization & Apostille","Document Legalization"
"849","en","Business & Professional Services","Translation, Localization & Apostille","Consular Authentication"
"850","en","Business & Professional Services","Translation, Localization & Apostille","Immigration Translation"
"851","en","Business & Professional Services","Translation, Localization & Apostille","Subtitle Translation"
"852","en","Business & Professional Services","Certification, Licensing & Compliance","Consultation"
"853","en","Business & Professional Services","Certification, Licensing & Compliance","Current-State Audit"
"854","en","Business & Professional Services","Certification, Licensing & Compliance","Strategy Development"
"855","en","Business & Professional Services","Certification, Licensing & Compliance","Business Plan Preparation"
"856","en","Business & Professional Services","Certification, Licensing & Compliance","Project Launch"
"857","en","Business & Professional Services","Certification, Licensing & Compliance","Operational Support"
"858","en","Business & Professional Services","Certification, Licensing & Compliance","Team Training"
"859","en","Business & Professional Services","Certification, Licensing & Compliance","Solution Selection"
"860","en","Business & Professional Services","Certification, Licensing & Compliance","Ongoing Support"
"861","en","Business & Professional Services","Certification, Licensing & Compliance","Crisis Management"
"862","en","Business & Professional Services","Coworking & Virtual Offices","Consultation"
"863","en","Business & Professional Services","Coworking & Virtual Offices","Current-State Audit"
"864","en","Business & Professional Services","Coworking & Virtual Offices","Strategy Development"
"865","en","Business & Professional Services","Coworking & Virtual Offices","Business Plan Preparation"
"866","en","Business & Professional Services","Coworking & Virtual Offices","Project Launch"
"867","en","Business & Professional Services","Coworking & Virtual Offices","Operational Support"
"868","en","Business & Professional Services","Coworking & Virtual Offices","Team Training"
"869","en","Business & Professional Services","Coworking & Virtual Offices","Solution Selection"
"870","en","Business & Professional Services","Coworking & Virtual Offices","Ongoing Support"
"871","en","Business & Professional Services","Coworking & Virtual Offices","Crisis Management"
"872","en","Business & Professional Services","Customs Brokers & Foreign Trade Support","Consultation"
"873","en","Business & Professional Services","Customs Brokers & Foreign Trade Support","Current-State Audit"
"874","en","Business & Professional Services","Customs Brokers & Foreign Trade Support","Strategy Development"
"875","en","Business & Professional Services","Customs Brokers & Foreign Trade Support","Business Plan Preparation"
"876","en","Business & Professional Services","Customs Brokers & Foreign Trade Support","Project Launch"
"877","en","Business & Professional Services","Customs Brokers & Foreign Trade Support","Operational Support"
"878","en","Business & Professional Services","Customs Brokers & Foreign Trade Support","Team Training"
"879","en","Business & Professional Services","Customs Brokers & Foreign Trade Support","Solution Selection"
"880","en","Business & Professional Services","Customs Brokers & Foreign Trade Support","Ongoing Support"
"881","en","Business & Professional Services","Customs Brokers & Foreign Trade Support","Crisis Management"
"882","en","Business & Professional Services","Business Security","Consultation"
"883","en","Business & Professional Services","Business Security","Current-State Audit"
"884","en","Business & Professional Services","Business Security","Strategy Development"
"885","en","Business & Professional Services","Business Security","Business Plan Preparation"
"886","en","Business & Professional Services","Business Security","Project Launch"
"887","en","Business & Professional Services","Business Security","Operational Support"
"888","en","Business & Professional Services","Business Security","Team Training"
"889","en","Business & Professional Services","Business Security","Solution Selection"
"890","en","Business & Professional Services","Business Security","Ongoing Support"
"891","en","Business & Professional Services","Business Security","Crisis Management"
"892","en","Manufacturing, Trade & Agriculture","Manufacturing Companies","Custom Manufacturing"
"893","en","Manufacturing, Trade & Agriculture","Manufacturing Companies","Mass Production"
"894","en","Manufacturing, Trade & Agriculture","Manufacturing Companies","Wholesale Supply"
"895","en","Manufacturing, Trade & Agriculture","Manufacturing Companies","Retail Sales"
"896","en","Manufacturing, Trade & Agriculture","Manufacturing Companies","Contract Manufacturing"
"897","en","Manufacturing, Trade & Agriculture","Manufacturing Companies","Private label"
"898","en","Manufacturing, Trade & Agriculture","Manufacturing Companies","Export"
"899","en","Manufacturing, Trade & Agriculture","Manufacturing Companies","Import"
"900","en","Manufacturing, Trade & Agriculture","Manufacturing Companies","Project Procurement"
"901","en","Manufacturing, Trade & Agriculture","Manufacturing Companies","Maintenance"
"902","en","Manufacturing, Trade & Agriculture","Manufacturing Companies","Corporate Procurement"
"903","en","Manufacturing, Trade & Agriculture","Manufacturing Companies","Custom Products"
"904","en","Manufacturing, Trade & Agriculture","Wholesale Trade & Distribution","Custom Manufacturing"
"905","en","Manufacturing, Trade & Agriculture","Wholesale Trade & Distribution","Mass Production"
"906","en","Manufacturing, Trade & Agriculture","Wholesale Trade & Distribution","Wholesale Supply"
"907","en","Manufacturing, Trade & Agriculture","Wholesale Trade & Distribution","Retail Sales"
"908","en","Manufacturing, Trade & Agriculture","Wholesale Trade & Distribution","Contract Manufacturing"
"909","en","Manufacturing, Trade & Agriculture","Wholesale Trade & Distribution","Private label"
"910","en","Manufacturing, Trade & Agriculture","Wholesale Trade & Distribution","Export"
"911","en","Manufacturing, Trade & Agriculture","Wholesale Trade & Distribution","Import"
"912","en","Manufacturing, Trade & Agriculture","Wholesale Trade & Distribution","Project Procurement"
"913","en","Manufacturing, Trade & Agriculture","Wholesale Trade & Distribution","Maintenance"
"914","en","Manufacturing, Trade & Agriculture","Wholesale Trade & Distribution","Corporate Procurement"
"915","en","Manufacturing, Trade & Agriculture","Wholesale Trade & Distribution","Custom Products"
"916","en","Manufacturing, Trade & Agriculture","Retail Stores","Custom Manufacturing"
"917","en","Manufacturing, Trade & Agriculture","Retail Stores","Mass Production"
"918","en","Manufacturing, Trade & Agriculture","Retail Stores","Wholesale Supply"
"919","en","Manufacturing, Trade & Agriculture","Retail Stores","Retail Sales"
"920","en","Manufacturing, Trade & Agriculture","Retail Stores","Contract Manufacturing"
"921","en","Manufacturing, Trade & Agriculture","Retail Stores","Private label"
"922","en","Manufacturing, Trade & Agriculture","Retail Stores","Export"
"923","en","Manufacturing, Trade & Agriculture","Retail Stores","Import"
"924","en","Manufacturing, Trade & Agriculture","Retail Stores","Project Procurement"
"925","en","Manufacturing, Trade & Agriculture","Retail Stores","Maintenance"
"926","en","Manufacturing, Trade & Agriculture","Online Stores & Marketplaces","Custom Manufacturing"
"927","en","Manufacturing, Trade & Agriculture","Online Stores & Marketplaces","Mass Production"
"928","en","Manufacturing, Trade & Agriculture","Online Stores & Marketplaces","Wholesale Supply"
"929","en","Manufacturing, Trade & Agriculture","Online Stores & Marketplaces","Retail Sales"
"930","en","Manufacturing, Trade & Agriculture","Online Stores & Marketplaces","Contract Manufacturing"
"931","en","Manufacturing, Trade & Agriculture","Online Stores & Marketplaces","Private label"
"932","en","Manufacturing, Trade & Agriculture","Online Stores & Marketplaces","Export"
"933","en","Manufacturing, Trade & Agriculture","Online Stores & Marketplaces","Import"
"934","en","Manufacturing, Trade & Agriculture","Online Stores & Marketplaces","Project Procurement"
"935","en","Manufacturing, Trade & Agriculture","Online Stores & Marketplaces","Maintenance"
"936","en","Manufacturing, Trade & Agriculture","Export & Import","Custom Manufacturing"
"937","en","Manufacturing, Trade & Agriculture","Export & Import","Mass Production"
"938","en","Manufacturing, Trade & Agriculture","Export & Import","Wholesale Supply"
"939","en","Manufacturing, Trade & Agriculture","Export & Import","Retail Sales"
"940","en","Manufacturing, Trade & Agriculture","Export & Import","Contract Manufacturing"
"941","en","Manufacturing, Trade & Agriculture","Export & Import","Private label"
"942","en","Manufacturing, Trade & Agriculture","Export & Import","Export"
"943","en","Manufacturing, Trade & Agriculture","Export & Import","Import"
"944","en","Manufacturing, Trade & Agriculture","Export & Import","Project Procurement"
"945","en","Manufacturing, Trade & Agriculture","Export & Import","Maintenance"
"946","en","Manufacturing, Trade & Agriculture","Equipment Suppliers","Custom Manufacturing"
"947","en","Manufacturing, Trade & Agriculture","Equipment Suppliers","Mass Production"
"948","en","Manufacturing, Trade & Agriculture","Equipment Suppliers","Wholesale Supply"
"949","en","Manufacturing, Trade & Agriculture","Equipment Suppliers","Retail Sales"
"950","en","Manufacturing, Trade & Agriculture","Equipment Suppliers","Contract Manufacturing"
"951","en","Manufacturing, Trade & Agriculture","Equipment Suppliers","Private label"
"952","en","Manufacturing, Trade & Agriculture","Equipment Suppliers","Export"
"953","en","Manufacturing, Trade & Agriculture","Equipment Suppliers","Import"
"954","en","Manufacturing, Trade & Agriculture","Equipment Suppliers","Project Procurement"
"955","en","Manufacturing, Trade & Agriculture","Equipment Suppliers","Maintenance"
"956","en","Manufacturing, Trade & Agriculture","Industrial Repair & Maintenance","Custom Manufacturing"
"957","en","Manufacturing, Trade & Agriculture","Industrial Repair & Maintenance","Mass Production"
"958","en","Manufacturing, Trade & Agriculture","Industrial Repair & Maintenance","Wholesale Supply"
"959","en","Manufacturing, Trade & Agriculture","Industrial Repair & Maintenance","Retail Sales"
"960","en","Manufacturing, Trade & Agriculture","Industrial Repair & Maintenance","Contract Manufacturing"
"961","en","Manufacturing, Trade & Agriculture","Industrial Repair & Maintenance","Private label"
"962","en","Manufacturing, Trade & Agriculture","Industrial Repair & Maintenance","Export"
"963","en","Manufacturing, Trade & Agriculture","Industrial Repair & Maintenance","Import"
"964","en","Manufacturing, Trade & Agriculture","Industrial Repair & Maintenance","Project Procurement"
"965","en","Manufacturing, Trade & Agriculture","Industrial Repair & Maintenance","Maintenance"
"966","en","Manufacturing, Trade & Agriculture","Food Manufacturing","Custom Manufacturing"
"967","en","Manufacturing, Trade & Agriculture","Food Manufacturing","Mass Production"
"968","en","Manufacturing, Trade & Agriculture","Food Manufacturing","Wholesale Supply"
"969","en","Manufacturing, Trade & Agriculture","Food Manufacturing","Retail Sales"
"970","en","Manufacturing, Trade & Agriculture","Food Manufacturing","Contract Manufacturing"
"971","en","Manufacturing, Trade & Agriculture","Food Manufacturing","Private label"
"972","en","Manufacturing, Trade & Agriculture","Food Manufacturing","Export"
"973","en","Manufacturing, Trade & Agriculture","Food Manufacturing","Import"
"974","en","Manufacturing, Trade & Agriculture","Food Manufacturing","Project Procurement"
"975","en","Manufacturing, Trade & Agriculture","Food Manufacturing","Maintenance"
"976","en","Manufacturing, Trade & Agriculture","Light Industry & Apparel","Custom Manufacturing"
"977","en","Manufacturing, Trade & Agriculture","Light Industry & Apparel","Mass Production"
"978","en","Manufacturing, Trade & Agriculture","Light Industry & Apparel","Wholesale Supply"
"979","en","Manufacturing, Trade & Agriculture","Light Industry & Apparel","Retail Sales"
"980","en","Manufacturing, Trade & Agriculture","Light Industry & Apparel","Contract Manufacturing"
"981","en","Manufacturing, Trade & Agriculture","Light Industry & Apparel","Private label"
"982","en","Manufacturing, Trade & Agriculture","Light Industry & Apparel","Export"
"983","en","Manufacturing, Trade & Agriculture","Light Industry & Apparel","Import"
"984","en","Manufacturing, Trade & Agriculture","Light Industry & Apparel","Project Procurement"
"985","en","Manufacturing, Trade & Agriculture","Light Industry & Apparel","Maintenance"
"986","en","Manufacturing, Trade & Agriculture","Furniture Manufacturing","Custom Manufacturing"
"987","en","Manufacturing, Trade & Agriculture","Furniture Manufacturing","Mass Production"
"988","en","Manufacturing, Trade & Agriculture","Furniture Manufacturing","Wholesale Supply"
"989","en","Manufacturing, Trade & Agriculture","Furniture Manufacturing","Retail Sales"
"990","en","Manufacturing, Trade & Agriculture","Furniture Manufacturing","Contract Manufacturing"
"991","en","Manufacturing, Trade & Agriculture","Furniture Manufacturing","Private label"
"992","en","Manufacturing, Trade & Agriculture","Furniture Manufacturing","Export"
"993","en","Manufacturing, Trade & Agriculture","Furniture Manufacturing","Import"
"994","en","Manufacturing, Trade & Agriculture","Furniture Manufacturing","Project Procurement"
"995","en","Manufacturing, Trade & Agriculture","Furniture Manufacturing","Maintenance"
"996","en","Manufacturing, Trade & Agriculture","Furniture Manufacturing","Corporate Procurement"
"997","en","Manufacturing, Trade & Agriculture","Furniture Manufacturing","Custom Products"
"998","en","Manufacturing, Trade & Agriculture","Building Materials","Custom Manufacturing"
"999","en","Manufacturing, Trade & Agriculture","Building Materials","Mass Production"
"1000","en","Manufacturing, Trade & Agriculture","Building Materials","Wholesale Supply"
"1001","en","Manufacturing, Trade & Agriculture","Building Materials","Retail Sales"
"1002","en","Manufacturing, Trade & Agriculture","Building Materials","Contract Manufacturing"
"1003","en","Manufacturing, Trade & Agriculture","Building Materials","Private label"
"1004","en","Manufacturing, Trade & Agriculture","Building Materials","Export"
"1005","en","Manufacturing, Trade & Agriculture","Building Materials","Import"
"1006","en","Manufacturing, Trade & Agriculture","Building Materials","Project Procurement"
"1007","en","Manufacturing, Trade & Agriculture","Building Materials","Maintenance"
"1008","en","Manufacturing, Trade & Agriculture","Printing & Packaging","Custom Manufacturing"
"1009","en","Manufacturing, Trade & Agriculture","Printing & Packaging","Mass Production"
"1010","en","Manufacturing, Trade & Agriculture","Printing & Packaging","Wholesale Supply"
"1011","en","Manufacturing, Trade & Agriculture","Printing & Packaging","Retail Sales"
"1012","en","Manufacturing, Trade & Agriculture","Printing & Packaging","Contract Manufacturing"
"1013","en","Manufacturing, Trade & Agriculture","Printing & Packaging","Private label"
"1014","en","Manufacturing, Trade & Agriculture","Printing & Packaging","Export"
"1015","en","Manufacturing, Trade & Agriculture","Printing & Packaging","Import"
"1016","en","Manufacturing, Trade & Agriculture","Printing & Packaging","Project Procurement"
"1017","en","Manufacturing, Trade & Agriculture","Printing & Packaging","Maintenance"
"1018","en","Manufacturing, Trade & Agriculture","Agriculture & Agricultural Services","Custom Manufacturing"
"1019","en","Manufacturing, Trade & Agriculture","Agriculture & Agricultural Services","Mass Production"
"1020","en","Manufacturing, Trade & Agriculture","Agriculture & Agricultural Services","Wholesale Supply"
"1021","en","Manufacturing, Trade & Agriculture","Agriculture & Agricultural Services","Retail Sales"
"1022","en","Manufacturing, Trade & Agriculture","Agriculture & Agricultural Services","Contract Manufacturing"
"1023","en","Manufacturing, Trade & Agriculture","Agriculture & Agricultural Services","Private label"
"1024","en","Manufacturing, Trade & Agriculture","Agriculture & Agricultural Services","Export"
"1025","en","Manufacturing, Trade & Agriculture","Agriculture & Agricultural Services","Import"
"1026","en","Manufacturing, Trade & Agriculture","Agriculture & Agricultural Services","Project Procurement"
"1027","en","Manufacturing, Trade & Agriculture","Agriculture & Agricultural Services","Maintenance"
"1028","en","IT, Marketing, Design & Media","Website Development & E-Commerce","Corporate Websites"
"1029","en","IT, Marketing, Design & Media","Website Development & E-Commerce","Online Stores"
"1030","en","IT, Marketing, Design & Media","Website Development & E-Commerce","Landing Pages"
"1031","en","IT, Marketing, Design & Media","Website Development & E-Commerce","Product & Service Catalogs"
"1032","en","IT, Marketing, Design & Media","Website Development & E-Commerce","Marketplaces"
"1033","en","IT, Marketing, Design & Media","Website Development & E-Commerce","Portals & User Accounts"
"1034","en","IT, Marketing, Design & Media","Website Development & E-Commerce","Website Redesign"
"1035","en","IT, Marketing, Design & Media","Website Development & E-Commerce","Frontend Development"
"1036","en","IT, Marketing, Design & Media","Website Development & E-Commerce","Backend Development"
"1037","en","IT, Marketing, Design & Media","Website Development & E-Commerce","CMS Development"
"1038","en","IT, Marketing, Design & Media","Website Development & E-Commerce","Payment Gateway Integration"
"1039","en","IT, Marketing, Design & Media","Website Development & E-Commerce","CRM & ERP Integration"
"1040","en","IT, Marketing, Design & Media","Website Development & E-Commerce","Website Support"
"1041","en","IT, Marketing, Design & Media","Website Development & E-Commerce","Performance Optimization"
"1042","en","IT, Marketing, Design & Media","Website Development & E-Commerce","Multilingual Websites"
"1043","en","IT, Marketing, Design & Media","Website Development & E-Commerce","Accessibility & ADA/WCAG"
"1044","en","IT, Marketing, Design & Media","Software Development","Audit & Consultation"
"1045","en","IT, Marketing, Design & Media","Software Development","Development from Scratch"
"1046","en","IT, Marketing, Design & Media","Software Development","Enhancement & Modernization"
"1047","en","IT, Marketing, Design & Media","Software Development","Integration"
"1048","en","IT, Marketing, Design & Media","Software Development","Technical Support"
"1049","en","IT, Marketing, Design & Media","Software Development","Outsourcing"
"1050","en","IT, Marketing, Design & Media","Software Development","Implementation"
"1051","en","IT, Marketing, Design & Media","Software Development","User Training"
"1052","en","IT, Marketing, Design & Media","Software Development","Enterprise Solutions"
"1053","en","IT, Marketing, Design & Media","Software Development","Mobile Solutions"
"1054","en","IT, Marketing, Design & Media","Software Development","Cloud Solutions"
"1055","en","IT, Marketing, Design & Media","Software Development","Analytics"
"1056","en","IT, Marketing, Design & Media","Software Development","Information Security"
"1057","en","IT, Marketing, Design & Media","Mobile Applications","Audit & Consultation"
"1058","en","IT, Marketing, Design & Media","Mobile Applications","Development from Scratch"
"1059","en","IT, Marketing, Design & Media","Mobile Applications","Enhancement & Modernization"
"1060","en","IT, Marketing, Design & Media","Mobile Applications","Integration"
"1061","en","IT, Marketing, Design & Media","Mobile Applications","Technical Support"
"1062","en","IT, Marketing, Design & Media","Mobile Applications","Outsourcing"
"1063","en","IT, Marketing, Design & Media","Mobile Applications","Implementation"
"1064","en","IT, Marketing, Design & Media","Mobile Applications","User Training"
"1065","en","IT, Marketing, Design & Media","Mobile Applications","Enterprise Solutions"
"1066","en","IT, Marketing, Design & Media","Mobile Applications","Mobile Solutions"
"1067","en","IT, Marketing, Design & Media","Artificial Intelligence & Automation","AI Consulting"
"1068","en","IT, Marketing, Design & Media","Artificial Intelligence & Automation","Chatbots"
"1069","en","IT, Marketing, Design & Media","Artificial Intelligence & Automation","Voice Assistants"
"1070","en","IT, Marketing, Design & Media","Artificial Intelligence & Automation","AI Agents"
"1071","en","IT, Marketing, Design & Media","Artificial Intelligence & Automation","Business Process Automation"
"1072","en","IT, Marketing, Design & Media","Artificial Intelligence & Automation","AI Document Processing"
"1073","en","IT, Marketing, Design & Media","Artificial Intelligence & Automation","Analytics & Forecasting"
"1074","en","IT, Marketing, Design & Media","Artificial Intelligence & Automation","Computer Vision"
"1075","en","IT, Marketing, Design & Media","Artificial Intelligence & Automation","Speech Recognition"
"1076","en","IT, Marketing, Design & Media","Artificial Intelligence & Automation","Content Generation"
"1077","en","IT, Marketing, Design & Media","Artificial Intelligence & Automation","Recommendation Systems"
"1078","en","IT, Marketing, Design & Media","Artificial Intelligence & Automation","AI Integration with CRM"
"1079","en","IT, Marketing, Design & Media","Artificial Intelligence & Automation","Customer Support Automation"
"1080","en","IT, Marketing, Design & Media","Artificial Intelligence & Automation","Corporate Knowledge Bases"
"1081","en","IT, Marketing, Design & Media","Artificial Intelligence & Automation","AI Staff Training"
"1082","en","IT, Marketing, Design & Media","Cloud Infrastructure & DevOps","Audit & Consultation"
"1083","en","IT, Marketing, Design & Media","Cloud Infrastructure & DevOps","Development from Scratch"
"1084","en","IT, Marketing, Design & Media","Cloud Infrastructure & DevOps","Enhancement & Modernization"
"1085","en","IT, Marketing, Design & Media","Cloud Infrastructure & DevOps","Integration"
"1086","en","IT, Marketing, Design & Media","Cloud Infrastructure & DevOps","Technical Support"
"1087","en","IT, Marketing, Design & Media","Cloud Infrastructure & DevOps","Outsourcing"
"1088","en","IT, Marketing, Design & Media","Cloud Infrastructure & DevOps","Implementation"
"1089","en","IT, Marketing, Design & Media","Cloud Infrastructure & DevOps","User Training"
"1090","en","IT, Marketing, Design & Media","Cloud Infrastructure & DevOps","Enterprise Solutions"
"1091","en","IT, Marketing, Design & Media","Cloud Infrastructure & DevOps","Mobile Solutions"
"1092","en","IT, Marketing, Design & Media","Cybersecurity","Audit & Consultation"
"1093","en","IT, Marketing, Design & Media","Cybersecurity","Development from Scratch"
"1094","en","IT, Marketing, Design & Media","Cybersecurity","Enhancement & Modernization"
"1095","en","IT, Marketing, Design & Media","Cybersecurity","Integration"
"1096","en","IT, Marketing, Design & Media","Cybersecurity","Technical Support"
"1097","en","IT, Marketing, Design & Media","Cybersecurity","Outsourcing"
"1098","en","IT, Marketing, Design & Media","Cybersecurity","Implementation"
"1099","en","IT, Marketing, Design & Media","Cybersecurity","User Training"
"1100","en","IT, Marketing, Design & Media","Cybersecurity","Enterprise Solutions"
"1101","en","IT, Marketing, Design & Media","Cybersecurity","Mobile Solutions"
"1102","en","IT, Marketing, Design & Media","IT Support & Systems Administration","Audit & Consultation"
"1103","en","IT, Marketing, Design & Media","IT Support & Systems Administration","Development from Scratch"
"1104","en","IT, Marketing, Design & Media","IT Support & Systems Administration","Enhancement & Modernization"
"1105","en","IT, Marketing, Design & Media","IT Support & Systems Administration","Integration"
"1106","en","IT, Marketing, Design & Media","IT Support & Systems Administration","Technical Support"
"1107","en","IT, Marketing, Design & Media","IT Support & Systems Administration","Outsourcing"
"1108","en","IT, Marketing, Design & Media","IT Support & Systems Administration","Implementation"
"1109","en","IT, Marketing, Design & Media","IT Support & Systems Administration","User Training"
"1110","en","IT, Marketing, Design & Media","IT Support & Systems Administration","Enterprise Solutions"
"1111","en","IT, Marketing, Design & Media","IT Support & Systems Administration","Mobile Solutions"
"1112","en","IT, Marketing, Design & Media","Digital Marketing & Advertising","Marketing Strategy"
"1113","en","IT, Marketing, Design & Media","Digital Marketing & Advertising","Lead Generation"
"1114","en","IT, Marketing, Design & Media","Digital Marketing & Advertising","Paid Search Advertising"
"1115","en","IT, Marketing, Design & Media","Digital Marketing & Advertising","Targeted Advertising"
"1116","en","IT, Marketing, Design & Media","Digital Marketing & Advertising","Email Marketing"
"1117","en","IT, Marketing, Design & Media","Digital Marketing & Advertising","Media Buying"
"1118","en","IT, Marketing, Design & Media","Digital Marketing & Advertising","Marketing Analytics"
"1119","en","IT, Marketing, Design & Media","Digital Marketing & Advertising","Marketing Automation"
"1120","en","IT, Marketing, Design & Media","Digital Marketing & Advertising","Local advertising"
"1121","en","IT, Marketing, Design & Media","Digital Marketing & Advertising","Audit & Consultation"
"1122","en","IT, Marketing, Design & Media","SEO & Local Marketing","SEO Audit"
"1123","en","IT, Marketing, Design & Media","SEO & Local Marketing","Technical SEO"
"1124","en","IT, Marketing, Design & Media","SEO & Local Marketing","Keyword Research"
"1125","en","IT, Marketing, Design & Media","SEO & Local Marketing","On-Page Optimization"
"1126","en","IT, Marketing, Design & Media","SEO & Local Marketing","Link Building"
"1127","en","IT, Marketing, Design & Media","SEO & Local Marketing","Local SEO"
"1128","en","IT, Marketing, Design & Media","SEO & Local Marketing","Google Business Profile"
"1129","en","IT, Marketing, Design & Media","SEO & Local Marketing","E-Commerce SEO"
"1130","en","IT, Marketing, Design & Media","SEO & Local Marketing","SEO Analytics"
"1131","en","IT, Marketing, Design & Media","SEO & Local Marketing","Audit & Consultation"
"1132","en","IT, Marketing, Design & Media","Social Media & Content","Social Media Strategy"
"1133","en","IT, Marketing, Design & Media","Social Media & Content","Instagram"
"1134","en","IT, Marketing, Design & Media","Social Media & Content","Facebook"
"1135","en","IT, Marketing, Design & Media","Social Media & Content","TikTok"
"1136","en","IT, Marketing, Design & Media","Social Media & Content","LinkedIn"
"1137","en","IT, Marketing, Design & Media","Social Media & Content","YouTube"
"1138","en","IT, Marketing, Design & Media","Social Media & Content","Content Creation"
"1139","en","IT, Marketing, Design & Media","Social Media & Content","Community Management"
"1140","en","IT, Marketing, Design & Media","Social Media & Content","Influencer Marketing"
"1141","en","IT, Marketing, Design & Media","Social Media & Content","Social Media Analytics"
"1142","en","IT, Marketing, Design & Media","Design & Branding","Brand Identity"
"1143","en","IT, Marketing, Design & Media","Design & Branding","Logo"
"1144","en","IT, Marketing, Design & Media","Design & Branding","Brand Guidelines"
"1145","en","IT, Marketing, Design & Media","Design & Branding","Graphic Design"
"1146","en","IT, Marketing, Design & Media","Design & Branding","Web Design"
"1147","en","IT, Marketing, Design & Media","Design & Branding","Packaging Design"
"1148","en","IT, Marketing, Design & Media","Design & Branding","Marketing Materials"
"1149","en","IT, Marketing, Design & Media","Design & Branding","Presentations"
"1150","en","IT, Marketing, Design & Media","Design & Branding","UX/UI Design"
"1151","en","IT, Marketing, Design & Media","Design & Branding","Audit & Consultation"
"1152","en","IT, Marketing, Design & Media","Photography, Video & Media Production","Audit & Consultation"
"1153","en","IT, Marketing, Design & Media","Photography, Video & Media Production","Development from Scratch"
"1154","en","IT, Marketing, Design & Media","Photography, Video & Media Production","Enhancement & Modernization"
"1155","en","IT, Marketing, Design & Media","Photography, Video & Media Production","Integration"
"1156","en","IT, Marketing, Design & Media","Photography, Video & Media Production","Technical Support"
"1157","en","IT, Marketing, Design & Media","Photography, Video & Media Production","Outsourcing"
"1158","en","IT, Marketing, Design & Media","Photography, Video & Media Production","Implementation"
"1159","en","IT, Marketing, Design & Media","Photography, Video & Media Production","User Training"
"1160","en","IT, Marketing, Design & Media","Photography, Video & Media Production","Enterprise Solutions"
"1161","en","IT, Marketing, Design & Media","Photography, Video & Media Production","Mobile Solutions"
"1162","en","Hospitality, Education & Personal Services","Hotels & Apartments","Hotels"
"1163","en","Hospitality, Education & Personal Services","Hotels & Apartments","Aparthotels"
"1164","en","Hospitality, Education & Personal Services","Hotels & Apartments","Hostels"
"1165","en","Hospitality, Education & Personal Services","Hotels & Apartments","Guesthouses"
"1166","en","Hospitality, Education & Personal Services","Hotels & Apartments","Short-Term Rentals"
"1167","en","Hospitality, Education & Personal Services","Hotels & Apartments","Business Accommodation"
"1168","en","Hospitality, Education & Personal Services","Hotels & Apartments","Family Accommodation"
"1169","en","Hospitality, Education & Personal Services","Hotels & Apartments","Pet-Friendly Accommodation"
"1170","en","Hospitality, Education & Personal Services","Hotels & Apartments","Conference Services"
"1171","en","Hospitality, Education & Personal Services","Hotels & Apartments","Extended Stay"
"1172","en","Hospitality, Education & Personal Services","Travel Agencies & Tour Operators","Air Travel Packages"
"1173","en","Hospitality, Education & Personal Services","Travel Agencies & Tour Operators","Bus Tours"
"1174","en","Hospitality, Education & Personal Services","Travel Agencies & Tour Operators","Beach Holidays"
"1175","en","Hospitality, Education & Personal Services","Travel Agencies & Tour Operators","Ski Tours"
"1176","en","Hospitality, Education & Personal Services","Travel Agencies & Tour Operators","Cruises"
"1177","en","Hospitality, Education & Personal Services","Travel Agencies & Tour Operators","Business Travel"
"1178","en","Hospitality, Education & Personal Services","Travel Agencies & Tour Operators","Family Tours"
"1179","en","Hospitality, Education & Personal Services","Travel Agencies & Tour Operators","Custom Tours"
"1180","en","Hospitality, Education & Personal Services","Travel Agencies & Tour Operators","Visa Support"
"1181","en","Hospitality, Education & Personal Services","Travel Agencies & Tour Operators","Travel Insurance"
"1182","en","Hospitality, Education & Personal Services","Restaurants, Cafes & Catering","European Cuisine"
"1183","en","Hospitality, Education & Personal Services","Restaurants, Cafes & Catering","Ukrainian Cuisine"
"1184","en","Hospitality, Education & Personal Services","Restaurants, Cafes & Catering","Italian Cuisine"
"1185","en","Hospitality, Education & Personal Services","Restaurants, Cafes & Catering","Asian Cuisine"
"1186","en","Hospitality, Education & Personal Services","Restaurants, Cafes & Catering","American Cuisine"
"1187","en","Hospitality, Education & Personal Services","Restaurants, Cafes & Catering","Mediterranean Cuisine"
"1188","en","Hospitality, Education & Personal Services","Restaurants, Cafes & Catering","Fast Casual"
"1189","en","Hospitality, Education & Personal Services","Restaurants, Cafes & Catering","Family Restaurants"
"1190","en","Hospitality, Education & Personal Services","Restaurants, Cafes & Catering","Banquets"
"1191","en","Hospitality, Education & Personal Services","Restaurants, Cafes & Catering","Food Delivery"
"1192","en","Hospitality, Education & Personal Services","Event & Wedding Planning","Individual Service"
"1193","en","Hospitality, Education & Personal Services","Event & Wedding Planning","Family Services"
"1194","en","Hospitality, Education & Personal Services","Event & Wedding Planning","Group Programs"
"1195","en","Hospitality, Education & Personal Services","Event & Wedding Planning","Corporate Service"
"1196","en","Hospitality, Education & Personal Services","Event & Wedding Planning","Premium Format"
"1197","en","Hospitality, Education & Personal Services","Event & Wedding Planning","Budget Format"
"1198","en","Hospitality, Education & Personal Services","Event & Wedding Planning","Online Booking"
"1199","en","Hospitality, Education & Personal Services","Event & Wedding Planning","On-Site Service"
"1200","en","Hospitality, Education & Personal Services","Event & Wedding Planning","Children's Services"
"1201","en","Hospitality, Education & Personal Services","Event & Wedding Planning","Turnkey Organization"
"1202","en","Hospitality, Education & Personal Services","Education Centers & Language Schools","English Language"
"1203","en","Hospitality, Education & Personal Services","Education Centers & Language Schools","German Language"
"1204","en","Hospitality, Education & Personal Services","Education Centers & Language Schools","Italian Language"
"1205","en","Hospitality, Education & Personal Services","Education Centers & Language Schools","French Language"
"1206","en","Hospitality, Education & Personal Services","Education Centers & Language Schools","Ukrainian Language"
"1207","en","Hospitality, Education & Personal Services","Education Centers & Language Schools","Romanian Language"
"1208","en","Hospitality, Education & Personal Services","Education Centers & Language Schools","IELTS & TOEFL Preparation"
"1209","en","Hospitality, Education & Personal Services","Education Centers & Language Schools","Professional Courses"
"1210","en","Hospitality, Education & Personal Services","Education Centers & Language Schools","Computer Courses"
"1211","en","Hospitality, Education & Personal Services","Education Centers & Language Schools","Business Education"
"1212","en","Hospitality, Education & Personal Services","Education Centers & Language Schools","School Readiness"
"1213","en","Hospitality, Education & Personal Services","Education Centers & Language Schools","Tutoring"
"1214","en","Hospitality, Education & Personal Services","Education Centers & Language Schools","Online Learning"
"1215","en","Hospitality, Education & Personal Services","Education Centers & Language Schools","Corporate Training"
"1216","en","Hospitality, Education & Personal Services","Education Centers & Language Schools","Licensing & Exam Preparation"
"1217","en","Hospitality, Education & Personal Services","Daycare & Childcare","Daycare"
"1218","en","Hospitality, Education & Personal Services","Daycare & Childcare","Preschool"
"1219","en","Hospitality, Education & Personal Services","Daycare & Childcare","Family Daycare"
"1220","en","Hospitality, Education & Personal Services","Daycare & Childcare","After-School Care"
"1221","en","Hospitality, Education & Personal Services","Daycare & Childcare","In-Home Nanny"
"1222","en","Hospitality, Education & Personal Services","Daycare & Childcare","Babysitting"
"1223","en","Hospitality, Education & Personal Services","Daycare & Childcare","Summer Camps"
"1224","en","Hospitality, Education & Personal Services","Daycare & Childcare","Developmental Activities"
"1225","en","Hospitality, Education & Personal Services","Daycare & Childcare","School Readiness"
"1226","en","Hospitality, Education & Personal Services","Daycare & Childcare","Special Needs Childcare"
"1227","en","Hospitality, Education & Personal Services","Daycare & Childcare","Bilingual Childcare Programs"
"1228","en","Hospitality, Education & Personal Services","Daycare & Childcare","Hourly Childcare"
"1229","en","Hospitality, Education & Personal Services","Appliance & Electronics Repair","Individual Service"
"1230","en","Hospitality, Education & Personal Services","Appliance & Electronics Repair","Family Services"
"1231","en","Hospitality, Education & Personal Services","Appliance & Electronics Repair","Group Programs"
"1232","en","Hospitality, Education & Personal Services","Appliance & Electronics Repair","Corporate Service"
"1233","en","Hospitality, Education & Personal Services","Appliance & Electronics Repair","Premium Format"
"1234","en","Hospitality, Education & Personal Services","Appliance & Electronics Repair","Budget Format"
"1235","en","Hospitality, Education & Personal Services","Appliance & Electronics Repair","Online Booking"
"1236","en","Hospitality, Education & Personal Services","Appliance & Electronics Repair","On-Site Service"
"1237","en","Hospitality, Education & Personal Services","Appliance & Electronics Repair","Children's Services"
"1238","en","Hospitality, Education & Personal Services","Appliance & Electronics Repair","Turnkey Organization"
"1239","en","Hospitality, Education & Personal Services","Pet Services","Veterinary Clinics"
"1240","en","Hospitality, Education & Personal Services","Pet Services","Pet Grooming"
"1241","en","Hospitality, Education & Personal Services","Pet Services","Pet Boarding"
"1242","en","Hospitality, Education & Personal Services","Pet Services","Dog Walking"
"1243","en","Hospitality, Education & Personal Services","Pet Services","Pet Training"
"1244","en","Hospitality, Education & Personal Services","Pet Services","Pet Stores"
"1245","en","Hospitality, Education & Personal Services","Pet Services","Mobile Veterinarian"
"1246","en","Hospitality, Education & Personal Services","Pet Services","Pet Sitting"
"1247","en","Hospitality, Education & Personal Services","Pet Services","Dog Daycare"
"1248","en","Hospitality, Education & Personal Services","Pet Services","Pet Transportation"
"1249","en","Hospitality, Education & Personal Services","Pet Services","Individual Service"
"1250","en","Hospitality, Education & Personal Services","Pet Services","Family Services"
"1251","en","Hospitality, Education & Personal Services","Pet Services","Group Programs"
"1252","en","Hospitality, Education & Personal Services","Pet Services","Corporate Service"
"1","uk","Право, фінанси та безпека","Юридичні фірми та адвокати","Консультації"
"2","uk","Право, фінанси та безпека","Юридичні фірми та адвокати","Підготовка документів"
"3","uk","Право, фінанси та безпека","Юридичні фірми та адвокати","Правовий або фінансовий аналіз"
"4","uk","Право, фінанси та безпека","Юридичні фірми та адвокати","Реєстрація та оформлення"
"5","uk","Право, фінанси та безпека","Юридичні фірми та адвокати","Представництво інтересів"
"6","uk","Право, фінанси та безпека","Юридичні фірми та адвокати","Досудовий супровід"
"7","uk","Право, фінанси та безпека","Юридичні фірми та адвокати","Судовий або адміністративний супровід"
"8","uk","Право, фінанси та безпека","Юридичні фірми та адвокати","Аудит і перевірка"
"9","uk","Право, фінанси та безпека","Юридичні фірми та адвокати","Супровід угод"
"10","uk","Право, фінанси та безпека","Юридичні фірми та адвокати","Абонентське обслуговування бізнесу"
"11","uk","Право, фінанси та безпека","Імміграційне право","Туристичні візи"
"12","uk","Право, фінанси та безпека","Імміграційне право","Робочі візи та дозволи на роботу"
"13","uk","Право, фінанси та безпека","Імміграційне право","Студентські візи"
"14","uk","Право, фінанси та безпека","Імміграційне право","Сімейне воссоединение"
"15","uk","Право, фінанси та безпека","Імміграційне право","Тимчасовий вид на жительство"
"16","uk","Право, фінанси та безпека","Імміграційне право","Постійний вид на жительство"
"17","uk","Право, фінанси та безпека","Імміграційне право","Громадянство та натурализация"
"18","uk","Право, фінанси та безпека","Імміграційне право","Бизнес-иммиграция"
"19","uk","Право, фінанси та безпека","Імміграційне право","Інвестиційна иммиграция"
"20","uk","Право, фінанси та безпека","Імміграційне право","Убежище та гуманитарная защита"
"21","uk","Право, фінанси та безпека","Імміграційне право","Депортация та removal defense"
"22","uk","Право, фінанси та безпека","Імміграційне право","Імміграційні апелляции"
"23","uk","Право, фінанси та безпека","Імміграційне право","Продление та изменение статуса"
"24","uk","Право, фінанси та безпека","Імміграційне право","Роботодавчі імміграційні петиції"
"25","uk","Право, фінанси та безпека","Імміграційне право","Консульское супровід"
"26","uk","Право, фінанси та безпека","Імміграційне право","Relocation та адаптация после переезда"
"27","uk","Право, фінанси та безпека","Сімейне право","Консультації"
"28","uk","Право, фінанси та безпека","Сімейне право","Підготовка документів"
"29","uk","Право, фінанси та безпека","Сімейне право","Правовий або фінансовий аналіз"
"30","uk","Право, фінанси та безпека","Сімейне право","Реєстрація та оформлення"
"31","uk","Право, фінанси та безпека","Сімейне право","Представництво інтересів"
"32","uk","Право, фінанси та безпека","Сімейне право","Досудовий супровід"
"33","uk","Право, фінанси та безпека","Сімейне право","Судовий або адміністративний супровід"
"34","uk","Право, фінанси та безпека","Сімейне право","Аудит і перевірка"
"35","uk","Право, фінанси та безпека","Сімейне право","Супровід угод"
"36","uk","Право, фінанси та безпека","Сімейне право","Абонентське обслуговування бізнесу"
"37","uk","Право, фінанси та безпека","Кримінальне право","Консультації"
"38","uk","Право, фінанси та безпека","Кримінальне право","Підготовка документів"
"39","uk","Право, фінанси та безпека","Кримінальне право","Правовий або фінансовий аналіз"
"40","uk","Право, фінанси та безпека","Кримінальне право","Реєстрація та оформлення"
"41","uk","Право, фінанси та безпека","Кримінальне право","Представництво інтересів"
"42","uk","Право, фінанси та безпека","Кримінальне право","Досудовий супровід"
"43","uk","Право, фінанси та безпека","Кримінальне право","Судовий або адміністративний супровід"
"44","uk","Право, фінанси та безпека","Кримінальне право","Аудит і перевірка"
"45","uk","Право, фінанси та безпека","Кримінальне право","Супровід угод"
"46","uk","Право, фінанси та безпека","Кримінальне право","Абонентське обслуговування бізнесу"
"47","uk","Право, фінанси та безпека","Цивільні спори","Консультації"
"48","uk","Право, фінанси та безпека","Цивільні спори","Підготовка документів"
"49","uk","Право, фінанси та безпека","Цивільні спори","Правовий або фінансовий аналіз"
"50","uk","Право, фінанси та безпека","Цивільні спори","Реєстрація та оформлення"
"51","uk","Право, фінанси та безпека","Цивільні спори","Представництво інтересів"
"52","uk","Право, фінанси та безпека","Цивільні спори","Досудовий супровід"
"53","uk","Право, фінанси та безпека","Цивільні спори","Судовий або адміністративний супровід"
"54","uk","Право, фінанси та безпека","Цивільні спори","Аудит і перевірка"
"55","uk","Право, фінанси та безпека","Цивільні спори","Супровід угод"
"56","uk","Право, фінанси та безпека","Цивільні спори","Абонентське обслуговування бізнесу"
"57","uk","Право, фінанси та безпека","Корпоративне та комерційне право","Консультації"
"58","uk","Право, фінанси та безпека","Корпоративне та комерційне право","Підготовка документів"
"59","uk","Право, фінанси та безпека","Корпоративне та комерційне право","Правовий або фінансовий аналіз"
"60","uk","Право, фінанси та безпека","Корпоративне та комерційне право","Реєстрація та оформлення"
"61","uk","Право, фінанси та безпека","Корпоративне та комерційне право","Представництво інтересів"
"62","uk","Право, фінанси та безпека","Корпоративне та комерційне право","Досудовий супровід"
"63","uk","Право, фінанси та безпека","Корпоративне та комерційне право","Судовий або адміністративний супровід"
"64","uk","Право, фінанси та безпека","Корпоративне та комерційне право","Аудит і перевірка"
"65","uk","Право, фінанси та безпека","Корпоративне та комерційне право","Супровід угод"
"66","uk","Право, фінанси та безпека","Корпоративне та комерційне право","Абонентське обслуговування бізнесу"
"67","uk","Право, фінанси та безпека","Податкове право","Консультації"
"68","uk","Право, фінанси та безпека","Податкове право","Підготовка документів"
"69","uk","Право, фінанси та безпека","Податкове право","Правовий або фінансовий аналіз"
"70","uk","Право, фінанси та безпека","Податкове право","Реєстрація та оформлення"
"71","uk","Право, фінанси та безпека","Податкове право","Представництво інтересів"
"72","uk","Право, фінанси та безпека","Податкове право","Досудовий супровід"
"73","uk","Право, фінанси та безпека","Податкове право","Судовий або адміністративний супровід"
"74","uk","Право, фінанси та безпека","Податкове право","Аудит і перевірка"
"75","uk","Право, фінанси та безпека","Податкове право","Супровід угод"
"76","uk","Право, фінанси та безпека","Податкове право","Абонентське обслуговування бізнесу"
"77","uk","Право, фінанси та безпека","Трудове право","Консультації"
"78","uk","Право, фінанси та безпека","Трудове право","Підготовка документів"
"79","uk","Право, фінанси та безпека","Трудове право","Правовий або фінансовий аналіз"
"80","uk","Право, фінанси та безпека","Трудове право","Реєстрація та оформлення"
"81","uk","Право, фінанси та безпека","Трудове право","Представництво інтересів"
"82","uk","Право, фінанси та безпека","Трудове право","Досудовий супровід"
"83","uk","Право, фінанси та безпека","Трудове право","Судовий або адміністративний супровід"
"84","uk","Право, фінанси та безпека","Трудове право","Аудит і перевірка"
"85","uk","Право, фінанси та безпека","Трудове право","Супровід угод"
"86","uk","Право, фінанси та безпека","Трудове право","Абонентське обслуговування бізнесу"
"87","uk","Право, фінанси та безпека","Право нерухомості та земельне право","Консультації"
"88","uk","Право, фінанси та безпека","Право нерухомості та земельне право","Підготовка документів"
"89","uk","Право, фінанси та безпека","Право нерухомості та земельне право","Правовий або фінансовий аналіз"
"90","uk","Право, фінанси та безпека","Право нерухомості та земельне право","Реєстрація та оформлення"
"91","uk","Право, фінанси та безпека","Право нерухомості та земельне право","Представництво інтересів"
"92","uk","Право, фінанси та безпека","Право нерухомості та земельне право","Досудовий супровід"
"93","uk","Право, фінанси та безпека","Право нерухомості та земельне право","Судовий або адміністративний супровід"
"94","uk","Право, фінанси та безпека","Право нерухомості та земельне право","Аудит і перевірка"
"95","uk","Право, фінанси та безпека","Право нерухомості та земельне право","Супровід угод"
"96","uk","Право, фінанси та безпека","Право нерухомості та земельне право","Абонентське обслуговування бізнесу"
"97","uk","Право, фінанси та безпека","Міжнародне право","Консультації"
"98","uk","Право, фінанси та безпека","Міжнародне право","Підготовка документів"
"99","uk","Право, фінанси та безпека","Міжнародне право","Правовий або фінансовий аналіз"
"100","uk","Право, фінанси та безпека","Міжнародне право","Реєстрація та оформлення"
"101","uk","Право, фінанси та безпека","Міжнародне право","Представництво інтересів"
"102","uk","Право, фінанси та безпека","Міжнародне право","Досудовий супровід"
"103","uk","Право, фінанси та безпека","Міжнародне право","Судовий або адміністративний супровід"
"104","uk","Право, фінанси та безпека","Міжнародне право","Аудит і перевірка"
"105","uk","Право, фінанси та безпека","Міжнародне право","Супровід угод"
"106","uk","Право, фінанси та безпека","Міжнародне право","Абонентське обслуговування бізнесу"
"107","uk","Право, фінанси та безпека","Інтелектуальна власність","Консультації"
"108","uk","Право, фінанси та безпека","Інтелектуальна власність","Підготовка документів"
"109","uk","Право, фінанси та безпека","Інтелектуальна власність","Правовий або фінансовий аналіз"
"110","uk","Право, фінанси та безпека","Інтелектуальна власність","Реєстрація та оформлення"
"111","uk","Право, фінанси та безпека","Інтелектуальна власність","Представництво інтересів"
"112","uk","Право, фінанси та безпека","Інтелектуальна власність","Досудовий супровід"
"113","uk","Право, фінанси та безпека","Інтелектуальна власність","Судовий або адміністративний супровід"
"114","uk","Право, фінанси та безпека","Інтелектуальна власність","Аудит і перевірка"
"115","uk","Право, фінанси та безпека","Інтелектуальна власність","Супровід угод"
"116","uk","Право, фінанси та безпека","Інтелектуальна власність","Абонентське обслуговування бізнесу"
"117","uk","Право, фінанси та безпека","Нотаріальні послуги","Засвідчення подписей"
"118","uk","Право, фінанси та безпека","Нотаріальні послуги","Засвідчення копий"
"119","uk","Право, фінанси та безпека","Нотаріальні послуги","Доверенности"
"120","uk","Право, фінанси та безпека","Нотаріальні послуги","Спадкові справи"
"121","uk","Право, фінанси та безпека","Нотаріальні послуги","Шлюбні договори"
"122","uk","Право, фінанси та безпека","Нотаріальні послуги","Сделки с недвижимостью"
"123","uk","Право, фінанси та безпека","Нотаріальні послуги","Апостиль та легализация"
"124","uk","Право, фінанси та безпека","Нотаріальні послуги","Нотаріальні переклади"
"125","uk","Право, фінанси та безпека","Нотаріальні послуги","Консультації"
"126","uk","Право, фінанси та безпека","Нотаріальні послуги","Підготовка документів"
"127","uk","Право, фінанси та безпека","Нотаріальні послуги","Правовий або фінансовий аналіз"
"128","uk","Право, фінанси та безпека","Нотаріальні послуги","Реєстрація та оформлення"
"129","uk","Право, фінанси та безпека","Нотаріальні послуги","Представництво інтересів"
"130","uk","Право, фінанси та безпека","Нотаріальні послуги","Досудовий супровід"
"131","uk","Право, фінанси та безпека","Бухгалтерські послуги","Ведение бухгалтерского учета"
"132","uk","Право, фінанси та безпека","Бухгалтерські послуги","Зарплата та payroll"
"133","uk","Право, фінанси та безпека","Бухгалтерські послуги","Налоговая отчетность"
"134","uk","Право, фінанси та безпека","Бухгалтерські послуги","Управленческий учет"
"135","uk","Право, фінанси та безпека","Бухгалтерські послуги","Восстановление учета"
"136","uk","Право, фінанси та безпека","Бухгалтерські послуги","Bookkeeping для малого бизнеса"
"137","uk","Право, фінанси та безпека","Бухгалтерські послуги","QuickBooks / Xero супровід"
"138","uk","Право, фінанси та безпека","Бухгалтерські послуги","Міжнародний учет"
"139","uk","Право, фінанси та безпека","Бухгалтерські послуги","Консультації"
"140","uk","Право, фінанси та безпека","Бухгалтерські послуги","Підготовка документів"
"141","uk","Право, фінанси та безпека","Бухгалтерські послуги","Правовий або фінансовий аналіз"
"142","uk","Право, фінанси та безпека","Бухгалтерські послуги","Реєстрація та оформлення"
"143","uk","Право, фінанси та безпека","Бухгалтерські послуги","Представництво інтересів"
"144","uk","Право, фінанси та безпека","Бухгалтерські послуги","Досудовий супровід"
"145","uk","Право, фінанси та безпека","Аудит і фінансовий контроль","Консультації"
"146","uk","Право, фінанси та безпека","Аудит і фінансовий контроль","Підготовка документів"
"147","uk","Право, фінанси та безпека","Аудит і фінансовий контроль","Правовий або фінансовий аналіз"
"148","uk","Право, фінанси та безпека","Аудит і фінансовий контроль","Реєстрація та оформлення"
"149","uk","Право, фінанси та безпека","Аудит і фінансовий контроль","Представництво інтересів"
"150","uk","Право, фінанси та безпека","Аудит і фінансовий контроль","Досудовий супровід"
"151","uk","Право, фінанси та безпека","Аудит і фінансовий контроль","Судовий або адміністративний супровід"
"152","uk","Право, фінанси та безпека","Аудит і фінансовий контроль","Аудит і перевірка"
"153","uk","Право, фінанси та безпека","Аудит і фінансовий контроль","Супровід угод"
"154","uk","Право, фінанси та безпека","Аудит і фінансовий контроль","Абонентське обслуговування бізнесу"
"155","uk","Право, фінанси та безпека","Страхування","Медичне страхование"
"156","uk","Право, фінанси та безпека","Страхування","Автострахование"
"157","uk","Право, фінанси та безпека","Страхування","Страхування недвижимости"
"158","uk","Право, фінанси та безпека","Страхування","Страхування жизни"
"159","uk","Право, фінанси та безпека","Страхування","Туристическое страхование"
"160","uk","Право, фінанси та безпека","Страхування","Страхування бизнеса"
"161","uk","Право, фінанси та безпека","Страхування","Страхування ответственности"
"162","uk","Право, фінанси та безпека","Страхування","Грузовое страхование"
"163","uk","Право, фінанси та безпека","Страхування","Консультації"
"164","uk","Право, фінанси та безпека","Страхування","Підготовка документів"
"165","uk","Медицина, здоров’я та догляд","Багатопрофільні клініки","Первинна консультація"
"166","uk","Медицина, здоров’я та догляд","Багатопрофільні клініки","Профілактичний огляд"
"167","uk","Медицина, здоров’я та догляд","Багатопрофільні клініки","Діагностика"
"168","uk","Медицина, здоров’я та догляд","Багатопрофільні клініки","Амбулаторне лікування"
"169","uk","Медицина, здоров’я та догляд","Багатопрофільні клініки","Процедури та маніпуляції"
"170","uk","Медицина, здоров’я та догляд","Багатопрофільні клініки","Друга медична думка"
"171","uk","Медицина, здоров’я та догляд","Багатопрофільні клініки","Телемедицина"
"172","uk","Медицина, здоров’я та догляд","Багатопрофільні клініки","Дитячі програми"
"173","uk","Медицина, здоров’я та догляд","Багатопрофільні клініки","Корпоративні програми здоров’я"
"174","uk","Медицина, здоров’я та догляд","Багатопрофільні клініки","Реабілітація"
"175","uk","Медицина, здоров’я та догляд","Багатопрофільні клініки","Невідкладна допомога"
"176","uk","Медицина, здоров’я та догляд","Сімейна медицина та первинна допомога","Первинна консультація"
"177","uk","Медицина, здоров’я та догляд","Сімейна медицина та первинна допомога","Профілактичний огляд"
"178","uk","Медицина, здоров’я та догляд","Сімейна медицина та первинна допомога","Діагностика"
"179","uk","Медицина, здоров’я та догляд","Сімейна медицина та первинна допомога","Амбулаторне лікування"
"180","uk","Медицина, здоров’я та догляд","Сімейна медицина та первинна допомога","Процедури та маніпуляції"
"181","uk","Медицина, здоров’я та догляд","Сімейна медицина та первинна допомога","Друга медична думка"
"182","uk","Медицина, здоров’я та догляд","Сімейна медицина та первинна допомога","Телемедицина"
"183","uk","Медицина, здоров’я та догляд","Сімейна медицина та первинна допомога","Дитячі програми"
"184","uk","Медицина, здоров’я та догляд","Сімейна медицина та первинна допомога","Корпоративні програми здоров’я"
"185","uk","Медицина, здоров’я та догляд","Сімейна медицина та первинна допомога","Реабілітація"
"186","uk","Медицина, здоров’я та догляд","Urgent Care та невідкладна амбулаторна допомога","Walk-in clinic"
"187","uk","Медицина, здоров’я та догляд","Urgent Care та невідкладна амбулаторна допомога","Urgent care для дорослих"
"188","uk","Медицина, здоров’я та догляд","Urgent Care та невідкладна амбулаторна допомога","Urgent care для детей"
"189","uk","Медицина, здоров’я та догляд","Urgent Care та невідкладна амбулаторна допомога","Лікування травм без госпитализации"
"190","uk","Медицина, здоров’я та догляд","Urgent Care та невідкладна амбулаторна допомога","Лікування інфекцій та застудних захворювань"
"191","uk","Медицина, здоров’я та догляд","Urgent Care та невідкладна амбулаторна допомога","Наложение швов"
"192","uk","Медицина, здоров’я та догляд","Urgent Care та невідкладна амбулаторна допомога","Рентген при невідкладних станах"
"193","uk","Медицина, здоров’я та догляд","Urgent Care та невідкладна амбулаторна допомога","Експрес-аналізи"
"194","uk","Медицина, здоров’я та догляд","Urgent Care та невідкладна амбулаторна допомога","Вакцинация"
"195","uk","Медицина, здоров’я та догляд","Urgent Care та невідкладна амбулаторна допомога","Медичні справки"
"196","uk","Медицина, здоров’я та догляд","Urgent Care та невідкладна амбулаторна допомога","Occupational health"
"197","uk","Медицина, здоров’я та догляд","Urgent Care та невідкладна амбулаторна допомога","Телемедицинская срочная консультация"
"198","uk","Медицина, здоров’я та догляд","Стоматологія","Загальна стоматология"
"199","uk","Медицина, здоров’я та догляд","Стоматологія","Професійна гигиена"
"200","uk","Медицина, здоров’я та догляд","Стоматологія","Лікування кариеса"
"201","uk","Медицина, здоров’я та догляд","Стоматологія","Ендодонтія"
"202","uk","Медицина, здоров’я та догляд","Стоматологія","Ортодонтия"
"203","uk","Медицина, здоров’я та догляд","Стоматологія","Имплантация"
"204","uk","Медицина, здоров’я та догляд","Стоматологія","Протезирование"
"205","uk","Медицина, здоров’я та догляд","Стоматологія","Хірургічна стоматология"
"206","uk","Медицина, здоров’я та догляд","Стоматологія","Пародонтология"
"207","uk","Медицина, здоров’я та догляд","Стоматологія","Дитяча стоматология"
"208","uk","Медицина, здоров’я та догляд","Стоматологія","Естетична стоматология"
"209","uk","Медицина, здоров’я та догляд","Стоматологія","Отбеливание зубов"
"210","uk","Медицина, здоров’я та догляд","Стоматологія","Неотложная стоматология"
"211","uk","Медицина, здоров’я та догляд","Стоматологія","Рентген та 3D-диагностика"
"212","uk","Медицина, здоров’я та догляд","Стоматологія","Седация та лечение под наркозом"
"213","uk","Медицина, здоров’я та догляд","Діагностична візуалізація","Первинна консультація"
"214","uk","Медицина, здоров’я та догляд","Діагностична візуалізація","Профілактичний огляд"
"215","uk","Медицина, здоров’я та догляд","Діагностична візуалізація","Діагностика"
"216","uk","Медицина, здоров’я та догляд","Діагностична візуалізація","Амбулаторне лікування"
"217","uk","Медицина, здоров’я та догляд","Діагностична візуалізація","Процедури та маніпуляції"
"218","uk","Медицина, здоров’я та догляд","Діагностична візуалізація","Друга медична думка"
"219","uk","Медицина, здоров’я та догляд","Діагностична візуалізація","Телемедицина"
"220","uk","Медицина, здоров’я та догляд","Діагностична візуалізація","Дитячі програми"
"221","uk","Медицина, здоров’я та догляд","Діагностична візуалізація","Корпоративні програми здоров’я"
"222","uk","Медицина, здоров’я та догляд","Діагностична візуалізація","Реабілітація"
"223","uk","Медицина, здоров’я та догляд","Медичні лабораторії","Первинна консультація"
"224","uk","Медицина, здоров’я та догляд","Медичні лабораторії","Профілактичний огляд"
"225","uk","Медицина, здоров’я та догляд","Медичні лабораторії","Діагностика"
"226","uk","Медицина, здоров’я та догляд","Медичні лабораторії","Амбулаторне лікування"
"227","uk","Медицина, здоров’я та догляд","Медичні лабораторії","Процедури та маніпуляції"
"228","uk","Медицина, здоров’я та догляд","Медичні лабораторії","Друга медична думка"
"229","uk","Медицина, здоров’я та догляд","Медичні лабораторії","Телемедицина"
"230","uk","Медицина, здоров’я та догляд","Медичні лабораторії","Дитячі програми"
"231","uk","Медицина, здоров’я та догляд","Медичні лабораторії","Корпоративні програми здоров’я"
"232","uk","Медицина, здоров’я та догляд","Медичні лабораторії","Реабілітація"
"233","uk","Медицина, здоров’я та догляд","Педіатрія","Первинна консультація"
"234","uk","Медицина, здоров’я та догляд","Педіатрія","Профілактичний огляд"
"235","uk","Медицина, здоров’я та догляд","Педіатрія","Діагностика"
"236","uk","Медицина, здоров’я та догляд","Педіатрія","Амбулаторне лікування"
"237","uk","Медицина, здоров’я та догляд","Педіатрія","Процедури та маніпуляції"
"238","uk","Медицина, здоров’я та догляд","Педіатрія","Друга медична думка"
"239","uk","Медицина, здоров’я та догляд","Педіатрія","Телемедицина"
"240","uk","Медицина, здоров’я та догляд","Педіатрія","Дитячі програми"
"241","uk","Медицина, здоров’я та догляд","Педіатрія","Корпоративні програми здоров’я"
"242","uk","Медицина, здоров’я та догляд","Педіатрія","Реабілітація"
"243","uk","Медицина, здоров’я та догляд","Гінекологія та репродуктивне здоров’я","Первинна консультація"
"244","uk","Медицина, здоров’я та догляд","Гінекологія та репродуктивне здоров’я","Профілактичний огляд"
"245","uk","Медицина, здоров’я та догляд","Гінекологія та репродуктивне здоров’я","Діагностика"
"246","uk","Медицина, здоров’я та догляд","Гінекологія та репродуктивне здоров’я","Амбулаторне лікування"
"247","uk","Медицина, здоров’я та догляд","Гінекологія та репродуктивне здоров’я","Процедури та маніпуляції"
"248","uk","Медицина, здоров’я та догляд","Гінекологія та репродуктивне здоров’я","Друга медична думка"
"249","uk","Медицина, здоров’я та догляд","Гінекологія та репродуктивне здоров’я","Телемедицина"
"250","uk","Медицина, здоров’я та догляд","Гінекологія та репродуктивне здоров’я","Дитячі програми"
"251","uk","Медицина, здоров’я та догляд","Гінекологія та репродуктивне здоров’я","Корпоративні програми здоров’я"
"252","uk","Медицина, здоров’я та догляд","Гінекологія та репродуктивне здоров’я","Реабілітація"
"253","uk","Медицина, здоров’я та догляд","Урологія та чоловіче здоров’я","Первинна консультація"
"254","uk","Медицина, здоров’я та догляд","Урологія та чоловіче здоров’я","Профілактичний огляд"
"255","uk","Медицина, здоров’я та догляд","Урологія та чоловіче здоров’я","Діагностика"
"256","uk","Медицина, здоров’я та догляд","Урологія та чоловіче здоров’я","Амбулаторне лікування"
"257","uk","Медицина, здоров’я та догляд","Урологія та чоловіче здоров’я","Процедури та маніпуляції"
"258","uk","Медицина, здоров’я та догляд","Урологія та чоловіче здоров’я","Друга медична думка"
"259","uk","Медицина, здоров’я та догляд","Урологія та чоловіче здоров’я","Телемедицина"
"260","uk","Медицина, здоров’я та догляд","Урологія та чоловіче здоров’я","Дитячі програми"
"261","uk","Медицина, здоров’я та догляд","Урологія та чоловіче здоров’я","Корпоративні програми здоров’я"
"262","uk","Медицина, здоров’я та догляд","Урологія та чоловіче здоров’я","Реабілітація"
"263","uk","Медицина, здоров’я та догляд","Кардіологія","Первинна консультація"
"264","uk","Медицина, здоров’я та догляд","Кардіологія","Профілактичний огляд"
"265","uk","Медицина, здоров’я та догляд","Кардіологія","Діагностика"
"266","uk","Медицина, здоров’я та догляд","Кардіологія","Амбулаторне лікування"
"267","uk","Медицина, здоров’я та догляд","Кардіологія","Процедури та маніпуляції"
"268","uk","Медицина, здоров’я та догляд","Кардіологія","Друга медична думка"
"269","uk","Медицина, здоров’я та догляд","Кардіологія","Телемедицина"
"270","uk","Медицина, здоров’я та догляд","Кардіологія","Дитячі програми"
"271","uk","Медицина, здоров’я та догляд","Кардіологія","Корпоративні програми здоров’я"
"272","uk","Медицина, здоров’я та догляд","Кардіологія","Реабілітація"
"273","uk","Медицина, здоров’я та догляд","Неврологія","Первинна консультація"
"274","uk","Медицина, здоров’я та догляд","Неврологія","Профілактичний огляд"
"275","uk","Медицина, здоров’я та догляд","Неврологія","Діагностика"
"276","uk","Медицина, здоров’я та догляд","Неврологія","Амбулаторне лікування"
"277","uk","Медицина, здоров’я та догляд","Неврологія","Процедури та маніпуляції"
"278","uk","Медицина, здоров’я та догляд","Неврологія","Друга медична думка"
"279","uk","Медицина, здоров’я та догляд","Неврологія","Телемедицина"
"280","uk","Медицина, здоров’я та догляд","Неврологія","Дитячі програми"
"281","uk","Медицина, здоров’я та догляд","Неврологія","Корпоративні програми здоров’я"
"282","uk","Медицина, здоров’я та догляд","Неврологія","Реабілітація"
"283","uk","Медицина, здоров’я та догляд","Офтальмологія та оптика","Проверка зрения"
"284","uk","Медицина, здоров’я та догляд","Офтальмологія та оптика","Підбір очков"
"285","uk","Медицина, здоров’я та догляд","Офтальмологія та оптика","Підбір контактних лінз"
"286","uk","Медицина, здоров’я та догляд","Офтальмологія та оптика","Дитяча офтальмология"
"287","uk","Медицина, здоров’я та догляд","Офтальмологія та оптика","Лікування захворювань глаз"
"288","uk","Медицина, здоров’я та догляд","Офтальмологія та оптика","Хирургия глаза"
"289","uk","Медицина, здоров’я та догляд","Офтальмологія та оптика","Лазерная коррекция зрения"
"290","uk","Медицина, здоров’я та догляд","Офтальмологія та оптика","Оптика та продажа лінз"
"291","uk","Медицина, здоров’я та догляд","Офтальмологія та оптика","Первинна консультація"
"292","uk","Медицина, здоров’я та догляд","Офтальмологія та оптика","Профілактичний огляд"
"293","uk","Медицина, здоров’я та догляд","Ортопедія та травматологія","Первинна консультація"
"294","uk","Медицина, здоров’я та догляд","Ортопедія та травматологія","Профілактичний огляд"
"295","uk","Медицина, здоров’я та догляд","Ортопедія та травматологія","Діагностика"
"296","uk","Медицина, здоров’я та догляд","Ортопедія та травматологія","Амбулаторне лікування"
"297","uk","Медицина, здоров’я та догляд","Ортопедія та травматологія","Процедури та маніпуляції"
"298","uk","Медицина, здоров’я та догляд","Ортопедія та травматологія","Друга медична думка"
"299","uk","Медицина, здоров’я та догляд","Ортопедія та травматологія","Телемедицина"
"300","uk","Медицина, здоров’я та догляд","Ортопедія та травматологія","Дитячі програми"
"301","uk","Медицина, здоров’я та догляд","Ортопедія та травматологія","Корпоративні програми здоров’я"
"302","uk","Медицина, здоров’я та догляд","Ортопедія та травматологія","Реабілітація"
"303","uk","Медицина, здоров’я та догляд","Дерматологія","Первинна консультація"
"304","uk","Медицина, здоров’я та догляд","Дерматологія","Профілактичний огляд"
"305","uk","Медицина, здоров’я та догляд","Дерматологія","Діагностика"
"306","uk","Медицина, здоров’я та догляд","Дерматологія","Амбулаторне лікування"
"307","uk","Медицина, здоров’я та догляд","Дерматологія","Процедури та маніпуляції"
"308","uk","Медицина, здоров’я та догляд","Дерматологія","Друга медична думка"
"309","uk","Медицина, здоров’я та догляд","Дерматологія","Телемедицина"
"310","uk","Медицина, здоров’я та догляд","Дерматологія","Дитячі програми"
"311","uk","Медицина, здоров’я та догляд","Дерматологія","Корпоративні програми здоров’я"
"312","uk","Медицина, здоров’я та догляд","Дерматологія","Реабілітація"
"313","uk","Медицина, здоров’я та догляд","Психічне здоров’я та психотерапія","Индивидуальная психотерапия"
"314","uk","Медицина, здоров’я та догляд","Психічне здоров’я та психотерапія","Семейная терапия"
"315","uk","Медицина, здоров’я та догляд","Психічне здоров’я та психотерапія","Терапия для пар"
"316","uk","Медицина, здоров’я та догляд","Психічне здоров’я та психотерапія","Дитячий психолог"
"317","uk","Медицина, здоров’я та догляд","Психічне здоров’я та психотерапія","Подростковая психотерапия"
"318","uk","Медицина, здоров’я та догляд","Психічне здоров’я та психотерапія","Психиатрическая консультация"
"319","uk","Медицина, здоров’я та догляд","Психічне здоров’я та психотерапія","Лікування тривожних розладів"
"320","uk","Медицина, здоров’я та догляд","Психічне здоров’я та психотерапія","Лікування депрессии"
"321","uk","Медицина, здоров’я та догляд","Психічне здоров’я та психотерапія","Травма та PTSD"
"322","uk","Медицина, здоров’я та догляд","Психічне здоров’я та психотерапія","Зависимости"
"323","uk","Медицина, здоров’я та догляд","Психічне здоров’я та психотерапія","Кризисная психологическая помощь"
"324","uk","Медицина, здоров’я та догляд","Психічне здоров’я та психотерапія","Онлайн-психотерапия"
"325","uk","Медицина, здоров’я та догляд","Психічне здоров’я та психотерапія","Корпоративні програми mental health"
"326","uk","Краса, спорт і відновлення","Салони краси","Індивідуальна послуга"
"327","uk","Краса, спорт і відновлення","Салони краси","Комплексна програма"
"328","uk","Краса, спорт і відновлення","Салони краси","Експрес-послуга"
"329","uk","Краса, спорт і відновлення","Салони краси","Персональний супровід"
"330","uk","Краса, спорт і відновлення","Салони краси","Групові заняття"
"331","uk","Краса, спорт і відновлення","Салони краси","Послуги для чоловіків"
"332","uk","Краса, спорт і відновлення","Салони краси","Послуги для жінок"
"333","uk","Краса, спорт і відновлення","Салони краси","Дитячі програми"
"334","uk","Краса, спорт і відновлення","Салони краси","Виїзне обслуговування"
"335","uk","Краса, спорт і відновлення","Салони краси","Онлайн-формат"
"336","uk","Краса, спорт і відновлення","Перукарні","Індивідуальна послуга"
"337","uk","Краса, спорт і відновлення","Перукарні","Комплексна програма"
"338","uk","Краса, спорт і відновлення","Перукарні","Експрес-послуга"
"339","uk","Краса, спорт і відновлення","Перукарні","Персональний супровід"
"340","uk","Краса, спорт і відновлення","Перукарні","Групові заняття"
"341","uk","Краса, спорт і відновлення","Перукарні","Послуги для чоловіків"
"342","uk","Краса, спорт і відновлення","Перукарні","Послуги для жінок"
"343","uk","Краса, спорт і відновлення","Перукарні","Дитячі програми"
"344","uk","Краса, спорт і відновлення","Перукарні","Виїзне обслуговування"
"345","uk","Краса, спорт і відновлення","Перукарні","Онлайн-формат"
"346","uk","Краса, спорт і відновлення","Барбершопи","Індивідуальна послуга"
"347","uk","Краса, спорт і відновлення","Барбершопи","Комплексна програма"
"348","uk","Краса, спорт і відновлення","Барбершопи","Експрес-послуга"
"349","uk","Краса, спорт і відновлення","Барбершопи","Персональний супровід"
"350","uk","Краса, спорт і відновлення","Барбершопи","Групові заняття"
"351","uk","Краса, спорт і відновлення","Барбершопи","Послуги для чоловіків"
"352","uk","Краса, спорт і відновлення","Барбершопи","Послуги для жінок"
"353","uk","Краса, спорт і відновлення","Барбершопи","Дитячі програми"
"354","uk","Краса, спорт і відновлення","Барбершопи","Виїзне обслуговування"
"355","uk","Краса, спорт і відновлення","Барбершопи","Онлайн-формат"
"356","uk","Краса, спорт і відновлення","Косметологія та естетична медицина","Уход за лицом"
"357","uk","Краса, спорт і відновлення","Косметологія та естетична медицина","Чистка лица"
"358","uk","Краса, спорт і відновлення","Косметологія та естетична медицина","Пилинги"
"359","uk","Краса, спорт і відновлення","Косметологія та естетична медицина","Ін’єкційна косметологія"
"360","uk","Краса, спорт і відновлення","Косметологія та естетична медицина","Аппаратная косметологія"
"361","uk","Краса, спорт і відновлення","Косметологія та естетична медицина","Лазерні процедури"
"362","uk","Краса, спорт і відновлення","Косметологія та естетична медицина","Контурная пластика"
"363","uk","Краса, спорт і відновлення","Косметологія та естетична медицина","Омоложение кожи"
"364","uk","Краса, спорт і відновлення","Косметологія та естетична медицина","Лікування акне"
"365","uk","Краса, спорт і відновлення","Косметологія та естетична медицина","Індивідуальна послуга"
"366","uk","Краса, спорт і відновлення","Манікюр і педикюр","Індивідуальна послуга"
"367","uk","Краса, спорт і відновлення","Манікюр і педикюр","Комплексна програма"
"368","uk","Краса, спорт і відновлення","Манікюр і педикюр","Експрес-послуга"
"369","uk","Краса, спорт і відновлення","Манікюр і педикюр","Персональний супровід"
"370","uk","Краса, спорт і відновлення","Манікюр і педикюр","Групові заняття"
"371","uk","Краса, спорт і відновлення","Манікюр і педикюр","Послуги для чоловіків"
"372","uk","Краса, спорт і відновлення","Манікюр і педикюр","Послуги для жінок"
"373","uk","Краса, спорт і відновлення","Манікюр і педикюр","Дитячі програми"
"374","uk","Краса, спорт і відновлення","Манікюр і педикюр","Виїзне обслуговування"
"375","uk","Краса, спорт і відновлення","Манікюр і педикюр","Онлайн-формат"
"376","uk","Краса, спорт і відновлення","СПА та велнес","Індивідуальна послуга"
"377","uk","Краса, спорт і відновлення","СПА та велнес","Комплексна програма"
"378","uk","Краса, спорт і відновлення","СПА та велнес","Експрес-послуга"
"379","uk","Краса, спорт і відновлення","СПА та велнес","Персональний супровід"
"380","uk","Краса, спорт і відновлення","СПА та велнес","Групові заняття"
"381","uk","Краса, спорт і відновлення","СПА та велнес","Послуги для чоловіків"
"382","uk","Краса, спорт і відновлення","СПА та велнес","Послуги для жінок"
"383","uk","Краса, спорт і відновлення","СПА та велнес","Дитячі програми"
"384","uk","Краса, спорт і відновлення","СПА та велнес","Виїзне обслуговування"
"385","uk","Краса, спорт і відновлення","СПА та велнес","Онлайн-формат"
"386","uk","Краса, спорт і відновлення","Масаж","Індивідуальна послуга"
"387","uk","Краса, спорт і відновлення","Масаж","Комплексна програма"
"388","uk","Краса, спорт і відновлення","Масаж","Експрес-послуга"
"389","uk","Краса, спорт і відновлення","Масаж","Персональний супровід"
"390","uk","Краса, спорт і відновлення","Масаж","Групові заняття"
"391","uk","Краса, спорт і відновлення","Масаж","Послуги для чоловіків"
"392","uk","Краса, спорт і відновлення","Масаж","Послуги для жінок"
"393","uk","Краса, спорт і відновлення","Масаж","Дитячі програми"
"394","uk","Краса, спорт і відновлення","Масаж","Виїзне обслуговування"
"395","uk","Краса, спорт і відновлення","Масаж","Онлайн-формат"
"396","uk","Краса, спорт і відновлення","Фітнес-клуби","Тренажерний зал"
"397","uk","Краса, спорт і відновлення","Фітнес-клуби","Групові тренування"
"398","uk","Краса, спорт і відновлення","Фітнес-клуби","Функціональний тренінг"
"399","uk","Краса, спорт і відновлення","Фітнес-клуби","Силові тренування"
"400","uk","Краса, спорт і відновлення","Фітнес-клуби","Кардиотренування"
"401","uk","Краса, спорт і відновлення","Фітнес-клуби","Снижение веса"
"402","uk","Краса, спорт і відновлення","Фітнес-клуби","Дитячий фитнес"
"403","uk","Краса, спорт і відновлення","Фітнес-клуби","Корпоративний фитнес"
"404","uk","Краса, спорт і відновлення","Фітнес-клуби","Онлайн-тренування"
"405","uk","Краса, спорт і відновлення","Фітнес-клуби","Індивідуальна послуга"
"406","uk","Краса, спорт і відновлення","Персональні тренери","Індивідуальна послуга"
"407","uk","Краса, спорт і відновлення","Персональні тренери","Комплексна програма"
"408","uk","Краса, спорт і відновлення","Персональні тренери","Експрес-послуга"
"409","uk","Краса, спорт і відновлення","Персональні тренери","Персональний супровід"
"410","uk","Краса, спорт і відновлення","Персональні тренери","Групові заняття"
"411","uk","Краса, спорт і відновлення","Персональні тренери","Послуги для чоловіків"
"412","uk","Краса, спорт і відновлення","Персональні тренери","Послуги для жінок"
"413","uk","Краса, спорт і відновлення","Персональні тренери","Дитячі програми"
"414","uk","Краса, спорт і відновлення","Персональні тренери","Виїзне обслуговування"
"415","uk","Краса, спорт і відновлення","Персональні тренери","Онлайн-формат"
"416","uk","Краса, спорт і відновлення","Йога та пілатес","Індивідуальна послуга"
"417","uk","Краса, спорт і відновлення","Йога та пілатес","Комплексна програма"
"418","uk","Краса, спорт і відновлення","Йога та пілатес","Експрес-послуга"
"419","uk","Краса, спорт і відновлення","Йога та пілатес","Персональний супровід"
"420","uk","Краса, спорт і відновлення","Йога та пілатес","Групові заняття"
"421","uk","Краса, спорт і відновлення","Йога та пілатес","Послуги для чоловіків"
"422","uk","Краса, спорт і відновлення","Йога та пілатес","Послуги для жінок"
"423","uk","Краса, спорт і відновлення","Йога та пілатес","Дитячі програми"
"424","uk","Краса, спорт і відновлення","Йога та пілатес","Виїзне обслуговування"
"425","uk","Краса, спорт і відновлення","Йога та пілатес","Онлайн-формат"
"426","uk","Краса, спорт і відновлення","Танцювальні студії","Індивідуальна послуга"
"427","uk","Краса, спорт і відновлення","Танцювальні студії","Комплексна програма"
"428","uk","Краса, спорт і відновлення","Танцювальні студії","Експрес-послуга"
"429","uk","Краса, спорт і відновлення","Танцювальні студії","Персональний супровід"
"430","uk","Краса, спорт і відновлення","Танцювальні студії","Групові заняття"
"431","uk","Краса, спорт і відновлення","Танцювальні студії","Послуги для чоловіків"
"432","uk","Краса, спорт і відновлення","Танцювальні студії","Послуги для жінок"
"433","uk","Краса, спорт і відновлення","Танцювальні студії","Дитячі програми"
"434","uk","Краса, спорт і відновлення","Танцювальні студії","Виїзне обслуговування"
"435","uk","Краса, спорт і відновлення","Танцювальні студії","Онлайн-формат"
"436","uk","Краса, спорт і відновлення","Реабілітація та фізіотерапія","Індивідуальна послуга"
"437","uk","Краса, спорт і відновлення","Реабілітація та фізіотерапія","Комплексна програма"
"438","uk","Краса, спорт і відновлення","Реабілітація та фізіотерапія","Експрес-послуга"
"439","uk","Краса, спорт і відновлення","Реабілітація та фізіотерапія","Персональний супровід"
"440","uk","Краса, спорт і відновлення","Реабілітація та фізіотерапія","Групові заняття"
"441","uk","Краса, спорт і відновлення","Реабілітація та фізіотерапія","Послуги для чоловіків"
"442","uk","Краса, спорт і відновлення","Реабілітація та фізіотерапія","Послуги для жінок"
"443","uk","Краса, спорт і відновлення","Реабілітація та фізіотерапія","Дитячі програми"
"444","uk","Краса, спорт і відновлення","Реабілітація та фізіотерапія","Виїзне обслуговування"
"445","uk","Краса, спорт і відновлення","Реабілітація та фізіотерапія","Онлайн-формат"
"446","uk","Нерухомість, будівництво та дім","Агентства нерухомості","Продаж жилой недвижимости"
"447","uk","Нерухомість, будівництво та дім","Агентства нерухомості","Купівля жилой недвижимости"
"448","uk","Нерухомість, будівництво та дім","Агентства нерухомості","Оренда жилой недвижимости"
"449","uk","Нерухомість, будівництво та дім","Агентства нерухомості","Коммерческая недвижимость"
"450","uk","Нерухомість, будівництво та дім","Агентства нерухомості","Новостройки"
"451","uk","Нерухомість, будівництво та дім","Агентства нерухомості","Загородная недвижимость"
"452","uk","Нерухомість, будівництво та дім","Агентства нерухомості","Земельні ділянки"
"453","uk","Нерухомість, будівництво та дім","Агентства нерухомості","Інвестиційна недвижимость"
"454","uk","Нерухомість, будівництво та дім","Агентства нерухомості","Міжнародна недвижимость"
"455","uk","Нерухомість, будівництво та дім","Агентства нерухомості","Елітна недвижимость"
"456","uk","Нерухомість, будівництво та дім","Управління нерухомістю","Консультація та оцінка"
"457","uk","Нерухомість, будівництво та дім","Управління нерухомістю","Проєктування"
"458","uk","Нерухомість, будівництво та дім","Управління нерухомістю","Монтаж"
"459","uk","Нерухомість, будівництво та дім","Управління нерухомістю","Ремонт"
"460","uk","Нерухомість, будівництво та дім","Управління нерухомістю","Реконструкція"
"461","uk","Нерухомість, будівництво та дім","Управління нерухомістю","Технічне обслуговування"
"462","uk","Нерухомість, будівництво та дім","Управління нерухомістю","Аварійний виїзд"
"463","uk","Нерухомість, будівництво та дім","Управління нерухомістю","Роботи під ключ"
"464","uk","Нерухомість, будівництво та дім","Управління нерухомістю","Житлові об’єкти"
"465","uk","Нерухомість, будівництво та дім","Управління нерухомістю","Комерційні об’єкти"
"466","uk","Нерухомість, будівництво та дім","Девелопмент та інвестиційні проєкти","Консультація та оцінка"
"467","uk","Нерухомість, будівництво та дім","Девелопмент та інвестиційні проєкти","Проєктування"
"468","uk","Нерухомість, будівництво та дім","Девелопмент та інвестиційні проєкти","Монтаж"
"469","uk","Нерухомість, будівництво та дім","Девелопмент та інвестиційні проєкти","Ремонт"
"470","uk","Нерухомість, будівництво та дім","Девелопмент та інвестиційні проєкти","Реконструкція"
"471","uk","Нерухомість, будівництво та дім","Девелопмент та інвестиційні проєкти","Технічне обслуговування"
"472","uk","Нерухомість, будівництво та дім","Девелопмент та інвестиційні проєкти","Аварійний виїзд"
"473","uk","Нерухомість, будівництво та дім","Девелопмент та інвестиційні проєкти","Роботи під ключ"
"474","uk","Нерухомість, будівництво та дім","Девелопмент та інвестиційні проєкти","Житлові об’єкти"
"475","uk","Нерухомість, будівництво та дім","Девелопмент та інвестиційні проєкти","Комерційні об’єкти"
"476","uk","Нерухомість, будівництво та дім","Девелопмент та інвестиційні проєкти","Промислові об’єкти"
"477","uk","Нерухомість, будівництво та дім","Девелопмент та інвестиційні проєкти","Авторський або технічний нагляд"
"478","uk","Нерухомість, будівництво та дім","Генеральні будівельні підрядники","Консультація та оцінка"
"479","uk","Нерухомість, будівництво та дім","Генеральні будівельні підрядники","Проєктування"
"480","uk","Нерухомість, будівництво та дім","Генеральні будівельні підрядники","Монтаж"
"481","uk","Нерухомість, будівництво та дім","Генеральні будівельні підрядники","Ремонт"
"482","uk","Нерухомість, будівництво та дім","Генеральні будівельні підрядники","Реконструкція"
"483","uk","Нерухомість, будівництво та дім","Генеральні будівельні підрядники","Технічне обслуговування"
"484","uk","Нерухомість, будівництво та дім","Генеральні будівельні підрядники","Аварійний виїзд"
"485","uk","Нерухомість, будівництво та дім","Генеральні будівельні підрядники","Роботи під ключ"
"486","uk","Нерухомість, будівництво та дім","Генеральні будівельні підрядники","Житлові об’єкти"
"487","uk","Нерухомість, будівництво та дім","Генеральні будівельні підрядники","Комерційні об’єкти"
"488","uk","Нерухомість, будівництво та дім","Архітектура та проєктування","Консультація та оцінка"
"489","uk","Нерухомість, будівництво та дім","Архітектура та проєктування","Проєктування"
"490","uk","Нерухомість, будівництво та дім","Архітектура та проєктування","Монтаж"
"491","uk","Нерухомість, будівництво та дім","Архітектура та проєктування","Ремонт"
"492","uk","Нерухомість, будівництво та дім","Архітектура та проєктування","Реконструкція"
"493","uk","Нерухомість, будівництво та дім","Архітектура та проєктування","Технічне обслуговування"
"494","uk","Нерухомість, будівництво та дім","Архітектура та проєктування","Аварійний виїзд"
"495","uk","Нерухомість, будівництво та дім","Архітектура та проєктування","Роботи під ключ"
"496","uk","Нерухомість, будівництво та дім","Архітектура та проєктування","Житлові об’єкти"
"497","uk","Нерухомість, будівництво та дім","Архітектура та проєктування","Комерційні об’єкти"
"498","uk","Нерухомість, будівництво та дім","Дизайн інтер’єру","Фірмовий стиль"
"499","uk","Нерухомість, будівництво та дім","Дизайн інтер’єру","Логотип"
"500","uk","Нерухомість, будівництво та дім","Дизайн інтер’єру","Брендбук"
"501","uk","Нерухомість, будівництво та дім","Дизайн інтер’єру","Графічний дизайн"
"502","uk","Нерухомість, будівництво та дім","Дизайн інтер’єру","Веб-дизайн"
"503","uk","Нерухомість, будівництво та дім","Дизайн інтер’єру","Дизайн упаковки"
"504","uk","Нерухомість, будівництво та дім","Дизайн інтер’єру","Рекламні матеріали"
"505","uk","Нерухомість, будівництво та дім","Дизайн інтер’єру","Презентации"
"506","uk","Нерухомість, будівництво та дім","Дизайн інтер’єру","UX/UI-дизайн"
"507","uk","Нерухомість, будівництво та дім","Дизайн інтер’єру","Консультація та оцінка"
"508","uk","Нерухомість, будівництво та дім","Ремонт та оздоблення","Консультація та оцінка"
"509","uk","Нерухомість, будівництво та дім","Ремонт та оздоблення","Проєктування"
"510","uk","Нерухомість, будівництво та дім","Ремонт та оздоблення","Монтаж"
"511","uk","Нерухомість, будівництво та дім","Ремонт та оздоблення","Ремонт"
"512","uk","Нерухомість, будівництво та дім","Ремонт та оздоблення","Реконструкція"
"513","uk","Нерухомість, будівництво та дім","Ремонт та оздоблення","Технічне обслуговування"
"514","uk","Нерухомість, будівництво та дім","Ремонт та оздоблення","Аварійний виїзд"
"515","uk","Нерухомість, будівництво та дім","Ремонт та оздоблення","Роботи під ключ"
"516","uk","Нерухомість, будівництво та дім","Ремонт та оздоблення","Житлові об’єкти"
"517","uk","Нерухомість, будівництво та дім","Ремонт та оздоблення","Комерційні об’єкти"
"518","uk","Нерухомість, будівництво та дім","Електрики","Монтаж електропроводки"
"519","uk","Нерухомість, будівництво та дім","Електрики","Ремонт електропроводки"
"520","uk","Нерухомість, будівництво та дім","Електрики","Електрощити"
"521","uk","Нерухомість, будівництво та дім","Електрики","Освещение"
"522","uk","Нерухомість, будівництво та дім","Електрики","Аварійний електрик"
"523","uk","Нерухомість, будівництво та дім","Електрики","Комерційні об’єкти"
"524","uk","Нерухомість, будівництво та дім","Електрики","Промислові електромонтажні роботи"
"525","uk","Нерухомість, будівництво та дім","Електрики","Зарядні станції EV"
"526","uk","Нерухомість, будівництво та дім","Електрики","Smart home"
"527","uk","Нерухомість, будівництво та дім","Електрики","Консультація та оцінка"
"528","uk","Нерухомість, будівництво та дім","Сантехніки","Устранение протечек"
"529","uk","Нерухомість, будівництво та дім","Сантехніки","Монтаж труб"
"530","uk","Нерухомість, будівництво та дім","Сантехніки","Ремонт канализации"
"531","uk","Нерухомість, будівництво та дім","Сантехніки","Прочистка канализации"
"532","uk","Нерухомість, будівництво та дім","Сантехніки","Встановлення сантехніки"
"533","uk","Нерухомість, будівництво та дім","Сантехніки","Водонагреватели"
"534","uk","Нерухомість, будівництво та дім","Сантехніки","Аварійний сантехнік"
"535","uk","Нерухомість, будівництво та дім","Сантехніки","Коммерческая сантехніка"
"536","uk","Нерухомість, будівництво та дім","Сантехніки","Leak detection"
"537","uk","Нерухомість, будівництво та дім","Сантехніки","Консультація та оцінка"
"538","uk","Нерухомість, будівництво та дім","HVAC: опалення, вентиляція та кондиціонування","Монтаж кондиционеров"
"539","uk","Нерухомість, будівництво та дім","HVAC: опалення, вентиляція та кондиціонування","Ремонт кондиционеров"
"540","uk","Нерухомість, будівництво та дім","HVAC: опалення, вентиляція та кондиціонування","Монтаж отопления"
"541","uk","Нерухомість, будівництво та дім","HVAC: опалення, вентиляція та кондиціонування","Ремонт отопления"
"542","uk","Нерухомість, будівництво та дім","HVAC: опалення, вентиляція та кондиціонування","Вентиляция"
"543","uk","Нерухомість, будівництво та дім","HVAC: опалення, вентиляція та кондиціонування","Теплові насоси"
"544","uk","Нерухомість, будівництво та дім","HVAC: опалення, вентиляція та кондиціонування","Обслуговування HVAC"
"545","uk","Нерухомість, будівництво та дім","HVAC: опалення, вентиляція та кондиціонування","Комерційні HVAC-системи"
"546","uk","Нерухомість, будівництво та дім","HVAC: опалення, вентиляція та кондиціонування","Emergency HVAC"
"547","uk","Нерухомість, будівництво та дім","HVAC: опалення, вентиляція та кондиціонування","Консультація та оцінка"
"548","uk","Нерухомість, будівництво та дім","Покрівельні роботи","Консультація та оцінка"
"549","uk","Нерухомість, будівництво та дім","Покрівельні роботи","Проєктування"
"550","uk","Нерухомість, будівництво та дім","Покрівельні роботи","Монтаж"
"551","uk","Нерухомість, будівництво та дім","Покрівельні роботи","Ремонт"
"552","uk","Нерухомість, будівництво та дім","Покрівельні роботи","Реконструкція"
"553","uk","Нерухомість, будівництво та дім","Покрівельні роботи","Технічне обслуговування"
"554","uk","Нерухомість, будівництво та дім","Покрівельні роботи","Аварійний виїзд"
"555","uk","Нерухомість, будівництво та дім","Покрівельні роботи","Роботи під ключ"
"556","uk","Нерухомість, будівництво та дім","Покрівельні роботи","Житлові об’єкти"
"557","uk","Нерухомість, будівництво та дім","Покрівельні роботи","Комерційні об’єкти"
"558","uk","Нерухомість, будівництво та дім","Вікна, двері та скло","Консультація та оцінка"
"559","uk","Нерухомість, будівництво та дім","Вікна, двері та скло","Проєктування"
"560","uk","Нерухомість, будівництво та дім","Вікна, двері та скло","Монтаж"
"561","uk","Нерухомість, будівництво та дім","Вікна, двері та скло","Ремонт"
"562","uk","Нерухомість, будівництво та дім","Вікна, двері та скло","Реконструкція"
"563","uk","Нерухомість, будівництво та дім","Вікна, двері та скло","Технічне обслуговування"
"564","uk","Нерухомість, будівництво та дім","Вікна, двері та скло","Аварійний виїзд"
"565","uk","Нерухомість, будівництво та дім","Вікна, двері та скло","Роботи під ключ"
"566","uk","Нерухомість, будівництво та дім","Вікна, двері та скло","Житлові об’єкти"
"567","uk","Нерухомість, будівництво та дім","Вікна, двері та скло","Комерційні об’єкти"
"568","uk","Нерухомість, будівництво та дім","Столярні та теслярські роботи","Консультація та оцінка"
"569","uk","Нерухомість, будівництво та дім","Столярні та теслярські роботи","Проєктування"
"570","uk","Нерухомість, будівництво та дім","Столярні та теслярські роботи","Монтаж"
"571","uk","Нерухомість, будівництво та дім","Столярні та теслярські роботи","Ремонт"
"572","uk","Нерухомість, будівництво та дім","Столярні та теслярські роботи","Реконструкція"
"573","uk","Нерухомість, будівництво та дім","Столярні та теслярські роботи","Технічне обслуговування"
"574","uk","Нерухомість, будівництво та дім","Столярні та теслярські роботи","Аварійний виїзд"
"575","uk","Нерухомість, будівництво та дім","Столярні та теслярські роботи","Роботи під ключ"
"576","uk","Нерухомість, будівництво та дім","Столярні та теслярські роботи","Житлові об’єкти"
"577","uk","Нерухомість, будівництво та дім","Столярні та теслярські роботи","Комерційні об’єкти"
"578","uk","Нерухомість, будівництво та дім","Прибирання та клінінг","Прибирання домов"
"579","uk","Нерухомість, будівництво та дім","Прибирання та клінінг","Прибирання квартир"
"580","uk","Нерухомість, будівництво та дім","Прибирання та клінінг","Комерційний клининг"
"581","uk","Нерухомість, будівництво та дім","Прибирання та клінінг","Прибирання после ремонта"
"582","uk","Нерухомість, будівництво та дім","Прибирання та клінінг","Прибирання офисов"
"583","uk","Нерухомість, будівництво та дім","Прибирання та клінінг","Мойка окон"
"584","uk","Нерухомість, будівництво та дім","Прибирання та клінінг","Химчистка мебели"
"585","uk","Нерухомість, будівництво та дім","Прибирання та клінінг","Carpet cleaning"
"586","uk","Нерухомість, будівництво та дім","Прибирання та клінінг","Airbnb cleaning"
"587","uk","Нерухомість, будівництво та дім","Прибирання та клінінг","Move-in / move-out cleaning"
"588","uk","Нерухомість, будівництво та дім","Ландшафт і обслуговування території","Консультація та оцінка"
"589","uk","Нерухомість, будівництво та дім","Ландшафт і обслуговування території","Проєктування"
"590","uk","Нерухомість, будівництво та дім","Ландшафт і обслуговування території","Монтаж"
"591","uk","Нерухомість, будівництво та дім","Ландшафт і обслуговування території","Ремонт"
"592","uk","Нерухомість, будівництво та дім","Ландшафт і обслуговування території","Реконструкція"
"593","uk","Нерухомість, будівництво та дім","Ландшафт і обслуговування території","Технічне обслуговування"
"594","uk","Нерухомість, будівництво та дім","Ландшафт і обслуговування території","Аварійний виїзд"
"595","uk","Нерухомість, будівництво та дім","Ландшафт і обслуговування території","Роботи під ключ"
"596","uk","Нерухомість, будівництво та дім","Ландшафт і обслуговування території","Житлові об’єкти"
"597","uk","Нерухомість, будівництво та дім","Ландшафт і обслуговування території","Комерційні об’єкти"
"598","uk","Автомобілі, транспорт і логістика","Автосервіси загального профілю","Плановое техническое обслуживание"
"599","uk","Автомобілі, транспорт і логістика","Автосервіси загального профілю","Ремонт гальмівної системи"
"600","uk","Автомобілі, транспорт і логістика","Автосервіси загального профілю","Ремонт подвески"
"601","uk","Автомобілі, транспорт і логістика","Автосервіси загального профілю","Ремонт рулевого управления"
"602","uk","Автомобілі, транспорт і логістика","Автосервіси загального профілю","Ремонт вихлопної системи"
"603","uk","Автомобілі, транспорт і логістика","Автосервіси загального профілю","Обслуговування кондиционеров"
"604","uk","Автомобілі, транспорт і логістика","Автосервіси загального профілю","Компьютерная диагностика"
"605","uk","Автомобілі, транспорт і логістика","Автосервіси загального профілю","Предпродажная проверка автомобиля"
"606","uk","Автомобілі, транспорт і логістика","Автосервіси загального профілю","Обслуговування коммерческого транспорта"
"607","uk","Автомобілі, транспорт і логістика","Автосервіси загального профілю","Мобільний механік"
"608","uk","Автомобілі, транспорт і логістика","Автосервіси загального профілю","State / safety inspection"
"609","uk","Автомобілі, транспорт і логістика","Автосервіси загального профілю","Обслуговування европейских автомобилей"
"610","uk","Автомобілі, транспорт і логістика","Автосервіси загального профілю","Обслуговування американских автомобилей"
"611","uk","Автомобілі, транспорт і логістика","Ремонт двигунів і трансмісій","Ремонт бензинових двигунів"
"612","uk","Автомобілі, транспорт і логістика","Ремонт двигунів і трансмісій","Ремонт дизельних двигунів"
"613","uk","Автомобілі, транспорт і логістика","Ремонт двигунів і трансмісій","Капітальний ремонт двигуна"
"614","uk","Автомобілі, транспорт і логістика","Ремонт двигунів і трансмісій","Ремонт автоматических коробок передач"
"615","uk","Автомобілі, транспорт і логістика","Ремонт двигунів і трансмісій","Ремонт механических коробок передач"
"616","uk","Автомобілі, транспорт і логістика","Ремонт двигунів і трансмісій","Ремонт CVT"
"617","uk","Автомобілі, транспорт і логістика","Ремонт двигунів і трансмісій","Ремонт роздавальних коробок"
"618","uk","Автомобілі, транспорт і логістика","Ремонт двигунів і трансмісій","Ремонт дифференциалов"
"619","uk","Автомобілі, транспорт і логістика","Ремонт двигунів і трансмісій","Діагностика двигуна"
"620","uk","Автомобілі, транспорт і логістика","Ремонт двигунів і трансмісій","Діагностика трансмиссии"
"621","uk","Автомобілі, транспорт і логістика","Ремонт двигунів і трансмісій","Заміна двигуна"
"622","uk","Автомобілі, транспорт і логістика","Ремонт двигунів і трансмісій","Заміна трансмиссии"
"623","uk","Автомобілі, транспорт і логістика","Кузовний ремонт і Collision Center","Кузовной ремонт после ДТП"
"624","uk","Автомобілі, транспорт і логістика","Кузовний ремонт і Collision Center","Покраска автомобиля"
"625","uk","Автомобілі, транспорт і логістика","Кузовний ремонт і Collision Center","Ремонт бамперов"
"626","uk","Автомобілі, транспорт і логістика","Кузовний ремонт і Collision Center","Удаление вмятин без покраски"
"627","uk","Автомобілі, транспорт і логістика","Кузовний ремонт і Collision Center","Ремонт рами та геометрії кузова"
"628","uk","Автомобілі, транспорт і логістика","Кузовний ремонт і Collision Center","Заміна автомобильного стекла"
"629","uk","Автомобілі, транспорт і логістика","Кузовний ремонт і Collision Center","Ремонт после града"
"630","uk","Автомобілі, транспорт і логістика","Кузовний ремонт і Collision Center","Страховий ремонт"
"631","uk","Автомобілі, транспорт і логістика","Кузовний ремонт і Collision Center","Оценка ущерба"
"632","uk","Автомобілі, транспорт і логістика","Кузовний ремонт і Collision Center","Реставрация классических автомобилей"
"633","uk","Автомобілі, транспорт і логістика","Кузовний ремонт і Collision Center","Кузовной ремонт вантажівиков"
"634","uk","Автомобілі, транспорт і логістика","Шини та шиномонтаж","Діагностика"
"635","uk","Автомобілі, транспорт і логістика","Шини та шиномонтаж","Планове обслуговування"
"636","uk","Автомобілі, транспорт і логістика","Шини та шиномонтаж","Ремонт"
"637","uk","Автомобілі, транспорт і логістика","Шини та шиномонтаж","Продаж"
"638","uk","Автомобілі, транспорт і логістика","Шини та шиномонтаж","Оренда"
"639","uk","Автомобілі, транспорт і логістика","Шини та шиномонтаж","Термінова допомога"
"640","uk","Автомобілі, транспорт і логістика","Шини та шиномонтаж","Корпоративное та fleet-обслуживание"
"641","uk","Автомобілі, транспорт і логістика","Шини та шиномонтаж","Легковий транспорт"
"642","uk","Автомобілі, транспорт і логістика","Шини та шиномонтаж","Комерційний транспорт"
"643","uk","Автомобілі, транспорт і логістика","Шини та шиномонтаж","Вантажний транспорт"
"644","uk","Автомобілі, транспорт і логістика","Автоелектрика та діагностика","Діагностика"
"645","uk","Автомобілі, транспорт і логістика","Автоелектрика та діагностика","Планове обслуговування"
"646","uk","Автомобілі, транспорт і логістика","Автоелектрика та діагностика","Ремонт"
"647","uk","Автомобілі, транспорт і логістика","Автоелектрика та діагностика","Продаж"
"648","uk","Автомобілі, транспорт і логістика","Автоелектрика та діагностика","Оренда"
"649","uk","Автомобілі, транспорт і логістика","Автоелектрика та діагностика","Термінова допомога"
"650","uk","Автомобілі, транспорт і логістика","Автоелектрика та діагностика","Корпоративное та fleet-обслуживание"
"651","uk","Автомобілі, транспорт і логістика","Автоелектрика та діагностика","Легковий транспорт"
"652","uk","Автомобілі, транспорт і логістика","Автоелектрика та діагностика","Комерційний транспорт"
"653","uk","Автомобілі, транспорт і логістика","Автоелектрика та діагностика","Вантажний транспорт"
"654","uk","Автомобілі, транспорт і логістика","Заміна мастила та експрес-обслуговування","Діагностика"
"655","uk","Автомобілі, транспорт і логістика","Заміна мастила та експрес-обслуговування","Планове обслуговування"
"656","uk","Автомобілі, транспорт і логістика","Заміна мастила та експрес-обслуговування","Ремонт"
"657","uk","Автомобілі, транспорт і логістика","Заміна мастила та експрес-обслуговування","Продаж"
"658","uk","Автомобілі, транспорт і логістика","Заміна мастила та експрес-обслуговування","Оренда"
"659","uk","Автомобілі, транспорт і логістика","Заміна мастила та експрес-обслуговування","Термінова допомога"
"660","uk","Автомобілі, транспорт і логістика","Заміна мастила та експрес-обслуговування","Корпоративное та fleet-обслуживание"
"661","uk","Автомобілі, транспорт і логістика","Заміна мастила та експрес-обслуговування","Легковий транспорт"
"662","uk","Автомобілі, транспорт і логістика","Заміна мастила та експрес-обслуговування","Комерційний транспорт"
"663","uk","Автомобілі, транспорт і логістика","Заміна мастила та експрес-обслуговування","Вантажний транспорт"
"664","uk","Автомобілі, транспорт і логістика","Ремонт вантажівок і дизельної техніки","Truck repair"
"665","uk","Автомобілі, транспорт і логістика","Ремонт вантажівок і дизельної техніки","Diesel engine repair"
"666","uk","Автомобілі, транспорт і логістика","Ремонт вантажівок і дизельної техніки","Ремонт тягачей"
"667","uk","Автомобілі, транспорт і логістика","Ремонт вантажівок і дизельної техніки","Ремонт прицепов"
"668","uk","Автомобілі, транспорт і логістика","Ремонт вантажівок і дизельної техніки","Mobile truck repair"
"669","uk","Автомобілі, транспорт і логістика","Ремонт вантажівок і дизельної техніки","Roadside truck assistance"
"670","uk","Автомобілі, транспорт і логістика","Ремонт вантажівок і дизельної техніки","Ремонт тормозов вантажівиков"
"671","uk","Автомобілі, транспорт і логістика","Ремонт вантажівок і дизельної техніки","Ремонт трансмиссий вантажівиков"
"672","uk","Автомобілі, транспорт і логістика","Ремонт вантажівок і дизельної техніки","DOT inspection"
"673","uk","Автомобілі, транспорт і логістика","Ремонт вантажівок і дизельної техніки","Fleet maintenance"
"674","uk","Автомобілі, транспорт і логістика","Ремонт вантажівок і дизельної техніки","Ремонт рефрижераторов"
"675","uk","Автомобілі, транспорт і логістика","Ремонт вантажівок і дизельної техніки","Ремонт строительной техники"
"676","uk","Автомобілі, транспорт і логістика","Ремонт електромобілів і гібридів","Діагностика"
"677","uk","Автомобілі, транспорт і логістика","Ремонт електромобілів і гібридів","Планове обслуговування"
"678","uk","Автомобілі, транспорт і логістика","Ремонт електромобілів і гібридів","Ремонт"
"679","uk","Автомобілі, транспорт і логістика","Ремонт електромобілів і гібридів","Продаж"
"680","uk","Автомобілі, транспорт і логістика","Ремонт електромобілів і гібридів","Оренда"
"681","uk","Автомобілі, транспорт і логістика","Ремонт електромобілів і гібридів","Термінова допомога"
"682","uk","Автомобілі, транспорт і логістика","Ремонт електромобілів і гібридів","Корпоративное та fleet-обслуживание"
"683","uk","Автомобілі, транспорт і логістика","Ремонт електромобілів і гібридів","Легковий транспорт"
"684","uk","Автомобілі, транспорт і логістика","Ремонт електромобілів і гібридів","Комерційний транспорт"
"685","uk","Автомобілі, транспорт і логістика","Ремонт електромобілів і гібридів","Вантажний транспорт"
"686","uk","Автомобілі, транспорт і логістика","Автомийки та детейлінг","Діагностика"
"687","uk","Автомобілі, транспорт і логістика","Автомийки та детейлінг","Планове обслуговування"
"688","uk","Автомобілі, транспорт і логістика","Автомийки та детейлінг","Ремонт"
"689","uk","Автомобілі, транспорт і логістика","Автомийки та детейлінг","Продаж"
"690","uk","Автомобілі, транспорт і логістика","Автомийки та детейлінг","Оренда"
"691","uk","Автомобілі, транспорт і логістика","Автомийки та детейлінг","Термінова допомога"
"692","uk","Автомобілі, транспорт і логістика","Автомийки та детейлінг","Корпоративное та fleet-обслуживание"
"693","uk","Автомобілі, транспорт і логістика","Автомийки та детейлінг","Легковий транспорт"
"694","uk","Автомобілі, транспорт і логістика","Автомийки та детейлінг","Комерційний транспорт"
"695","uk","Автомобілі, транспорт і логістика","Автомийки та детейлінг","Вантажний транспорт"
"696","uk","Автомобілі, транспорт і логістика","Продаж автомобілів","Нові автомобили"
"697","uk","Автомобілі, транспорт і логістика","Продаж автомобілів","Автомобілі с пробегом"
"698","uk","Автомобілі, транспорт і логістика","Продаж автомобілів","Комерційні автомобили"
"699","uk","Автомобілі, транспорт і логістика","Продаж автомобілів","Вантажні автомобили"
"700","uk","Автомобілі, транспорт і логістика","Продаж автомобілів","Електромобілі"
"701","uk","Автомобілі, транспорт і логістика","Продаж автомобілів","Trade-in"
"702","uk","Автомобілі, транспорт і логістика","Продаж автомобілів","Автомобілі с аукционов"
"703","uk","Автомобілі, транспорт і логістика","Продаж автомобілів","Импорт автомобилей"
"704","uk","Автомобілі, транспорт і логістика","Продаж автомобілів","Автоподбор"
"705","uk","Автомобілі, транспорт і логістика","Продаж автомобілів","Финансирование автомобиля"
"706","uk","Автомобілі, транспорт і логістика","Оренда та лізинг автомобілів","Діагностика"
"707","uk","Автомобілі, транспорт і логістика","Оренда та лізинг автомобілів","Планове обслуговування"
"708","uk","Автомобілі, транспорт і логістика","Оренда та лізинг автомобілів","Ремонт"
"709","uk","Автомобілі, транспорт і логістика","Оренда та лізинг автомобілів","Продаж"
"710","uk","Автомобілі, транспорт і логістика","Оренда та лізинг автомобілів","Оренда"
"711","uk","Автомобілі, транспорт і логістика","Оренда та лізинг автомобілів","Термінова допомога"
"712","uk","Автомобілі, транспорт і логістика","Оренда та лізинг автомобілів","Корпоративное та fleet-обслуживание"
"713","uk","Автомобілі, транспорт і логістика","Оренда та лізинг автомобілів","Легковий транспорт"
"714","uk","Автомобілі, транспорт і логістика","Оренда та лізинг автомобілів","Комерційний транспорт"
"715","uk","Автомобілі, транспорт і логістика","Оренда та лізинг автомобілів","Вантажний транспорт"
"716","uk","Автомобілі, транспорт і логістика","Евакуація та допомога на дорозі","Діагностика"
"717","uk","Автомобілі, транспорт і логістика","Евакуація та допомога на дорозі","Планове обслуговування"
"718","uk","Автомобілі, транспорт і логістика","Евакуація та допомога на дорозі","Ремонт"
"719","uk","Автомобілі, транспорт і логістика","Евакуація та допомога на дорозі","Продаж"
"720","uk","Автомобілі, транспорт і логістика","Евакуація та допомога на дорозі","Оренда"
"721","uk","Автомобілі, транспорт і логістика","Евакуація та допомога на дорозі","Термінова допомога"
"722","uk","Автомобілі, транспорт і логістика","Евакуація та допомога на дорозі","Корпоративное та fleet-обслуживание"
"723","uk","Автомобілі, транспорт і логістика","Евакуація та допомога на дорозі","Легковий транспорт"
"724","uk","Автомобілі, транспорт і логістика","Евакуація та допомога на дорозі","Комерційний транспорт"
"725","uk","Автомобілі, транспорт і логістика","Евакуація та допомога на дорозі","Вантажний транспорт"
"726","uk","Автомобілі, транспорт і логістика","Вантажні перевезення та Trucking","FTL перевозки"
"727","uk","Автомобілі, транспорт і логістика","Вантажні перевезення та Trucking","LTL перевозки"
"728","uk","Автомобілі, транспорт і логістика","Вантажні перевезення та Trucking","Dry van"
"729","uk","Автомобілі, транспорт і логістика","Вантажні перевезення та Trucking","Reefer перевозки"
"730","uk","Автомобілі, транспорт і логістика","Вантажні перевезення та Trucking","Flatbed перевозки"
"731","uk","Автомобілі, транспорт і логістика","Вантажні перевезення та Trucking","Контейнерні перевозки"
"732","uk","Автомобілі, транспорт і логістика","Вантажні перевезення та Trucking","Автовози"
"733","uk","Автомобілі, транспорт і логістика","Вантажні перевезення та Trucking","Негабаритні вантажі"
"734","uk","Автомобілі, транспорт і логістика","Вантажні перевезення та Trucking","Небезпечні вантажі"
"735","uk","Автомобілі, транспорт і логістика","Вантажні перевезення та Trucking","Міжнародні перевозки"
"736","uk","Автомобілі, транспорт і логістика","Вантажні перевезення та Trucking","Междугородние перевозки"
"737","uk","Автомобілі, транспорт і логістика","Вантажні перевезення та Trucking","Експедирування вантажів"
"738","uk","Автомобілі, транспорт і логістика","Вантажні перевезення та Trucking","Диспетчеризация вантажівиков"
"739","uk","Автомобілі, транспорт і логістика","Вантажні перевезення та Trucking","Last-mile freight"
"740","uk","Автомобілі, транспорт і логістика","Вантажні перевезення та Trucking","Переїзди та household goods"
"741","uk","Автомобілі, транспорт і логістика","Кур’єрська доставка та last-mile","Діагностика"
"742","uk","Автомобілі, транспорт і логістика","Кур’єрська доставка та last-mile","Планове обслуговування"
"743","uk","Автомобілі, транспорт і логістика","Кур’єрська доставка та last-mile","Ремонт"
"744","uk","Автомобілі, транспорт і логістика","Кур’єрська доставка та last-mile","Продаж"
"745","uk","Автомобілі, транспорт і логістика","Кур’єрська доставка та last-mile","Оренда"
"746","uk","Автомобілі, транспорт і логістика","Кур’єрська доставка та last-mile","Термінова допомога"
"747","uk","Автомобілі, транспорт і логістика","Кур’єрська доставка та last-mile","Корпоративное та fleet-обслуживание"
"748","uk","Автомобілі, транспорт і логістика","Кур’єрська доставка та last-mile","Легковий транспорт"
"749","uk","Автомобілі, транспорт і логістика","Кур’єрська доставка та last-mile","Комерційний транспорт"
"750","uk","Автомобілі, транспорт і логістика","Кур’єрська доставка та last-mile","Вантажний транспорт"
"751","uk","Бізнес і професійні послуги","Бізнес-консалтинг","Консультація"
"752","uk","Бізнес і професійні послуги","Бізнес-консалтинг","Аудит поточної ситуації"
"753","uk","Бізнес і професійні послуги","Бізнес-консалтинг","Розробка стратегії"
"754","uk","Бізнес і професійні послуги","Бізнес-консалтинг","Підготовка бізнес-плану"
"755","uk","Бізнес і професійні послуги","Бізнес-консалтинг","Запуск проєкту"
"756","uk","Бізнес і професійні послуги","Бізнес-консалтинг","Операційний супровід"
"757","uk","Бізнес і професійні послуги","Бізнес-консалтинг","Навчання команди"
"758","uk","Бізнес і професійні послуги","Бізнес-консалтинг","Підбір рішень"
"759","uk","Бізнес і професійні послуги","Бізнес-консалтинг","Абонентське обслуговування"
"760","uk","Бізнес і професійні послуги","Бізнес-консалтинг","Антикризове управління"
"761","uk","Бізнес і професійні послуги","Бізнес-консалтинг","Міжнародний розвиток"
"762","uk","Бізнес і професійні послуги","Управлінський і стратегічний консалтинг","Консультація"
"763","uk","Бізнес і професійні послуги","Управлінський і стратегічний консалтинг","Аудит поточної ситуації"
"764","uk","Бізнес і професійні послуги","Управлінський і стратегічний консалтинг","Розробка стратегії"
"765","uk","Бізнес і професійні послуги","Управлінський і стратегічний консалтинг","Підготовка бізнес-плану"
"766","uk","Бізнес і професійні послуги","Управлінський і стратегічний консалтинг","Запуск проєкту"
"767","uk","Бізнес і професійні послуги","Управлінський і стратегічний консалтинг","Операційний супровід"
"768","uk","Бізнес і професійні послуги","Управлінський і стратегічний консалтинг","Навчання команди"
"769","uk","Бізнес і професійні послуги","Управлінський і стратегічний консалтинг","Підбір рішень"
"770","uk","Бізнес і професійні послуги","Управлінський і стратегічний консалтинг","Абонентське обслуговування"
"771","uk","Бізнес і професійні послуги","Управлінський і стратегічний консалтинг","Антикризове управління"
"772","uk","Бізнес і професійні послуги","Управлінський і стратегічний консалтинг","Міжнародний розвиток"
"773","uk","Бізнес і професійні послуги","Франшизи та франчайзинг","Каталог франшиз"
"774","uk","Бізнес і професійні послуги","Франшизи та франчайзинг","Розробка франшизи"
"775","uk","Бізнес і професійні послуги","Франшизи та франчайзинг","Упаковка франшизи"
"776","uk","Бізнес і професійні послуги","Франшизи та франчайзинг","Продаж франшизи"
"777","uk","Бізнес і професійні послуги","Франшизи та франчайзинг","Купівля франшизи"
"778","uk","Бізнес і професійні послуги","Франшизи та франчайзинг","Франчайзинговий консалтинг"
"779","uk","Бізнес і професійні послуги","Франшизи та франчайзинг","Юридичний супровід франшизи"
"780","uk","Бізнес і професійні послуги","Франшизи та франчайзинг","Фінансова модель франшизи"
"781","uk","Бізнес і професійні послуги","Франшизи та франчайзинг","Маркетинг франчайзинговой сети"
"782","uk","Бізнес і професійні послуги","Франшизи та франчайзинг","Підбір франчайзи"
"783","uk","Бізнес і професійні послуги","Франшизи та франчайзинг","Аудит франшизи"
"784","uk","Бізнес і професійні послуги","Франшизи та франчайзинг","Міжнародний франчайзинг"
"785","uk","Бізнес і професійні послуги","Франшизи та франчайзинг","Мастер-франшиза"
"786","uk","Бізнес і професійні послуги","Франшизи та франчайзинг","Навчання франчайзи"
"787","uk","Бізнес і професійні послуги","Франшизи та франчайзинг","Управління франчайзинговой сетью"
"788","uk","Бізнес і професійні послуги","Продаж і купівля готового бізнесу","Консультація"
"789","uk","Бізнес і професійні послуги","Продаж і купівля готового бізнесу","Аудит поточної ситуації"
"790","uk","Бізнес і професійні послуги","Продаж і купівля готового бізнесу","Розробка стратегії"
"791","uk","Бізнес і професійні послуги","Продаж і купівля готового бізнесу","Підготовка бізнес-плану"
"792","uk","Бізнес і професійні послуги","Продаж і купівля готового бізнесу","Запуск проєкту"
"793","uk","Бізнес і професійні послуги","Продаж і купівля готового бізнесу","Операційний супровід"
"794","uk","Бізнес і професійні послуги","Продаж і купівля готового бізнесу","Навчання команди"
"795","uk","Бізнес і професійні послуги","Продаж і купівля готового бізнесу","Підбір рішень"
"796","uk","Бізнес і професійні послуги","Продаж і купівля готового бізнесу","Абонентське обслуговування"
"797","uk","Бізнес і професійні послуги","Продаж і купівля готового бізнесу","Антикризове управління"
"798","uk","Бізнес і професійні послуги","Інвестиційні та фінансові проєкти","Консультація"
"799","uk","Бізнес і професійні послуги","Інвестиційні та фінансові проєкти","Аудит поточної ситуації"
"800","uk","Бізнес і професійні послуги","Інвестиційні та фінансові проєкти","Розробка стратегії"
"801","uk","Бізнес і професійні послуги","Інвестиційні та фінансові проєкти","Підготовка бізнес-плану"
"802","uk","Бізнес і професійні послуги","Інвестиційні та фінансові проєкти","Запуск проєкту"
"803","uk","Бізнес і професійні послуги","Інвестиційні та фінансові проєкти","Операційний супровід"
"804","uk","Бізнес і професійні послуги","Інвестиційні та фінансові проєкти","Навчання команди"
"805","uk","Бізнес і професійні послуги","Інвестиційні та фінансові проєкти","Підбір рішень"
"806","uk","Бізнес і професійні послуги","Інвестиційні та фінансові проєкти","Абонентське обслуговування"
"807","uk","Бізнес і професійні послуги","Інвестиційні та фінансові проєкти","Антикризове управління"
"808","uk","Бізнес і професійні послуги","Інвестиційні та фінансові проєкти","Міжнародний розвиток"
"809","uk","Бізнес і професійні послуги","HR і підбір персоналу","Консультація"
"810","uk","Бізнес і професійні послуги","HR і підбір персоналу","Аудит поточної ситуації"
"811","uk","Бізнес і професійні послуги","HR і підбір персоналу","Розробка стратегії"
"812","uk","Бізнес і професійні послуги","HR і підбір персоналу","Підготовка бізнес-плану"
"813","uk","Бізнес і професійні послуги","HR і підбір персоналу","Запуск проєкту"
"814","uk","Бізнес і професійні послуги","HR і підбір персоналу","Операційний супровід"
"815","uk","Бізнес і професійні послуги","HR і підбір персоналу","Навчання команди"
"816","uk","Бізнес і професійні послуги","HR і підбір персоналу","Підбір рішень"
"817","uk","Бізнес і професійні послуги","HR і підбір персоналу","Абонентське обслуговування"
"818","uk","Бізнес і професійні послуги","HR і підбір персоналу","Антикризове управління"
"819","uk","Бізнес і професійні послуги","Кадрове та payroll-адміністрування","Консультація"
"820","uk","Бізнес і професійні послуги","Кадрове та payroll-адміністрування","Аудит поточної ситуації"
"821","uk","Бізнес і професійні послуги","Кадрове та payroll-адміністрування","Розробка стратегії"
"822","uk","Бізнес і професійні послуги","Кадрове та payroll-адміністрування","Підготовка бізнес-плану"
"823","uk","Бізнес і професійні послуги","Кадрове та payroll-адміністрування","Запуск проєкту"
"824","uk","Бізнес і професійні послуги","Кадрове та payroll-адміністрування","Операційний супровід"
"825","uk","Бізнес і професійні послуги","Кадрове та payroll-адміністрування","Навчання команди"
"826","uk","Бізнес і професійні послуги","Кадрове та payroll-адміністрування","Підбір рішень"
"827","uk","Бізнес і професійні послуги","Кадрове та payroll-адміністрування","Абонентське обслуговування"
"828","uk","Бізнес і професійні послуги","Кадрове та payroll-адміністрування","Антикризове управління"
"829","uk","Бізнес і професійні послуги","Аутсорсинг бізнес-процесів","Консультація"
"830","uk","Бізнес і професійні послуги","Аутсорсинг бізнес-процесів","Аудит поточної ситуації"
"831","uk","Бізнес і професійні послуги","Аутсорсинг бізнес-процесів","Розробка стратегії"
"832","uk","Бізнес і професійні послуги","Аутсорсинг бізнес-процесів","Підготовка бізнес-плану"
"833","uk","Бізнес і професійні послуги","Аутсорсинг бізнес-процесів","Запуск проєкту"
"834","uk","Бізнес і професійні послуги","Аутсорсинг бізнес-процесів","Операційний супровід"
"835","uk","Бізнес і професійні послуги","Аутсорсинг бізнес-процесів","Навчання команди"
"836","uk","Бізнес і професійні послуги","Аутсорсинг бізнес-процесів","Підбір рішень"
"837","uk","Бізнес і професійні послуги","Аутсорсинг бізнес-процесів","Абонентське обслуговування"
"838","uk","Бізнес і професійні послуги","Аутсорсинг бізнес-процесів","Антикризове управління"
"839","uk","Бізнес і професійні послуги","Переклад, локалізація та апостиль","Письмовий перевод"
"840","uk","Бізнес і професійні послуги","Переклад, локалізація та апостиль","Усний перевод"
"841","uk","Бізнес і професійні послуги","Переклад, локалізація та апостиль","Синхронний перевод"
"842","uk","Бізнес і професійні послуги","Переклад, локалізація та апостиль","Нотаріальний перевод"
"843","uk","Бізнес і професійні послуги","Переклад, локалізація та апостиль","Присяжний перевод"
"844","uk","Бізнес і професійні послуги","Переклад, локалізація та апостиль","Локалізація сайтов та приложений"
"845","uk","Бізнес і професійні послуги","Переклад, локалізація та апостиль","Переклад юридических документов"
"846","uk","Бізнес і професійні послуги","Переклад, локалізація та апостиль","Переклад медицинских документов"
"847","uk","Бізнес і професійні послуги","Переклад, локалізація та апостиль","Апостиль"
"848","uk","Бізнес і професійні послуги","Переклад, локалізація та апостиль","Легалізація документов"
"849","uk","Бізнес і професійні послуги","Переклад, локалізація та апостиль","Консульское заверение"
"850","uk","Бізнес і професійні послуги","Переклад, локалізація та апостиль","Переклад для иммиграции"
"851","uk","Бізнес і професійні послуги","Переклад, локалізація та апостиль","Переклад субтитров"
"852","uk","Бізнес і професійні послуги","Сертифікація, ліцензування та compliance","Консультація"
"853","uk","Бізнес і професійні послуги","Сертифікація, ліцензування та compliance","Аудит поточної ситуації"
"854","uk","Бізнес і професійні послуги","Сертифікація, ліцензування та compliance","Розробка стратегії"
"855","uk","Бізнес і професійні послуги","Сертифікація, ліцензування та compliance","Підготовка бізнес-плану"
"856","uk","Бізнес і професійні послуги","Сертифікація, ліцензування та compliance","Запуск проєкту"
"857","uk","Бізнес і професійні послуги","Сертифікація, ліцензування та compliance","Операційний супровід"
"858","uk","Бізнес і професійні послуги","Сертифікація, ліцензування та compliance","Навчання команди"
"859","uk","Бізнес і професійні послуги","Сертифікація, ліцензування та compliance","Підбір рішень"
"860","uk","Бізнес і професійні послуги","Сертифікація, ліцензування та compliance","Абонентське обслуговування"
"861","uk","Бізнес і професійні послуги","Сертифікація, ліцензування та compliance","Антикризове управління"
"862","uk","Бізнес і професійні послуги","Коворкінги та віртуальні офіси","Консультація"
"863","uk","Бізнес і професійні послуги","Коворкінги та віртуальні офіси","Аудит поточної ситуації"
"864","uk","Бізнес і професійні послуги","Коворкінги та віртуальні офіси","Розробка стратегії"
"865","uk","Бізнес і професійні послуги","Коворкінги та віртуальні офіси","Підготовка бізнес-плану"
"866","uk","Бізнес і професійні послуги","Коворкінги та віртуальні офіси","Запуск проєкту"
"867","uk","Бізнес і професійні послуги","Коворкінги та віртуальні офіси","Операційний супровід"
"868","uk","Бізнес і професійні послуги","Коворкінги та віртуальні офіси","Навчання команди"
"869","uk","Бізнес і професійні послуги","Коворкінги та віртуальні офіси","Підбір рішень"
"870","uk","Бізнес і професійні послуги","Коворкінги та віртуальні офіси","Абонентське обслуговування"
"871","uk","Бізнес і професійні послуги","Коворкінги та віртуальні офіси","Антикризове управління"
"872","uk","Бізнес і професійні послуги","Митні брокери та зовнішньоекономічний супровід","Консультація"
"873","uk","Бізнес і професійні послуги","Митні брокери та зовнішньоекономічний супровід","Аудит поточної ситуації"
"874","uk","Бізнес і професійні послуги","Митні брокери та зовнішньоекономічний супровід","Розробка стратегії"
"875","uk","Бізнес і професійні послуги","Митні брокери та зовнішньоекономічний супровід","Підготовка бізнес-плану"
"876","uk","Бізнес і професійні послуги","Митні брокери та зовнішньоекономічний супровід","Запуск проєкту"
"877","uk","Бізнес і професійні послуги","Митні брокери та зовнішньоекономічний супровід","Операційний супровід"
"878","uk","Бізнес і професійні послуги","Митні брокери та зовнішньоекономічний супровід","Навчання команди"
"879","uk","Бізнес і професійні послуги","Митні брокери та зовнішньоекономічний супровід","Підбір рішень"
"880","uk","Бізнес і професійні послуги","Митні брокери та зовнішньоекономічний супровід","Абонентське обслуговування"
"881","uk","Бізнес і професійні послуги","Митні брокери та зовнішньоекономічний супровід","Антикризове управління"
"882","uk","Бізнес і професійні послуги","Охорона та безпека бізнесу","Консультація"
"883","uk","Бізнес і професійні послуги","Охорона та безпека бізнесу","Аудит поточної ситуації"
"884","uk","Бізнес і професійні послуги","Охорона та безпека бізнесу","Розробка стратегії"
"885","uk","Бізнес і професійні послуги","Охорона та безпека бізнесу","Підготовка бізнес-плану"
"886","uk","Бізнес і професійні послуги","Охорона та безпека бізнесу","Запуск проєкту"
"887","uk","Бізнес і професійні послуги","Охорона та безпека бізнесу","Операційний супровід"
"888","uk","Бізнес і професійні послуги","Охорона та безпека бізнесу","Навчання команди"
"889","uk","Бізнес і професійні послуги","Охорона та безпека бізнесу","Підбір рішень"
"890","uk","Бізнес і професійні послуги","Охорона та безпека бізнесу","Абонентське обслуговування"
"891","uk","Бізнес і професійні послуги","Охорона та безпека бізнесу","Антикризове управління"
"892","uk","Виробництво, торгівля та агросектор","Виробничі підприємства","Виробництво на замовлення"
"893","uk","Виробництво, торгівля та агросектор","Виробничі підприємства","Серійне виробництво"
"894","uk","Виробництво, торгівля та агросектор","Виробничі підприємства","Оптові поставки"
"895","uk","Виробництво, торгівля та агросектор","Виробничі підприємства","Роздрібні продажі"
"896","uk","Виробництво, торгівля та агросектор","Виробничі підприємства","Контрактне виробництво"
"897","uk","Виробництво, торгівля та агросектор","Виробничі підприємства","Private label"
"898","uk","Виробництво, торгівля та агросектор","Виробничі підприємства","Експорт"
"899","uk","Виробництво, торгівля та агросектор","Виробничі підприємства","Импорт"
"900","uk","Виробництво, торгівля та агросектор","Виробничі підприємства","Комплектація об’єктів"
"901","uk","Виробництво, торгівля та агросектор","Виробничі підприємства","Технічне обслуговування"
"902","uk","Виробництво, торгівля та агросектор","Виробничі підприємства","Корпоративні закупівлі"
"903","uk","Виробництво, торгівля та агросектор","Виробничі підприємства","Індивідуальні вироби"
"904","uk","Виробництво, торгівля та агросектор","Оптова торгівля та дистрибуція","Виробництво на замовлення"
"905","uk","Виробництво, торгівля та агросектор","Оптова торгівля та дистрибуція","Серійне виробництво"
"906","uk","Виробництво, торгівля та агросектор","Оптова торгівля та дистрибуція","Оптові поставки"
"907","uk","Виробництво, торгівля та агросектор","Оптова торгівля та дистрибуція","Роздрібні продажі"
"908","uk","Виробництво, торгівля та агросектор","Оптова торгівля та дистрибуція","Контрактне виробництво"
"909","uk","Виробництво, торгівля та агросектор","Оптова торгівля та дистрибуція","Private label"
"910","uk","Виробництво, торгівля та агросектор","Оптова торгівля та дистрибуція","Експорт"
"911","uk","Виробництво, торгівля та агросектор","Оптова торгівля та дистрибуція","Импорт"
"912","uk","Виробництво, торгівля та агросектор","Оптова торгівля та дистрибуція","Комплектація об’єктів"
"913","uk","Виробництво, торгівля та агросектор","Оптова торгівля та дистрибуція","Технічне обслуговування"
"914","uk","Виробництво, торгівля та агросектор","Оптова торгівля та дистрибуція","Корпоративні закупівлі"
"915","uk","Виробництво, торгівля та агросектор","Оптова торгівля та дистрибуція","Індивідуальні вироби"
"916","uk","Виробництво, торгівля та агросектор","Роздрібні магазини","Виробництво на замовлення"
"917","uk","Виробництво, торгівля та агросектор","Роздрібні магазини","Серійне виробництво"
"918","uk","Виробництво, торгівля та агросектор","Роздрібні магазини","Оптові поставки"
"919","uk","Виробництво, торгівля та агросектор","Роздрібні магазини","Роздрібні продажі"
"920","uk","Виробництво, торгівля та агросектор","Роздрібні магазини","Контрактне виробництво"
"921","uk","Виробництво, торгівля та агросектор","Роздрібні магазини","Private label"
"922","uk","Виробництво, торгівля та агросектор","Роздрібні магазини","Експорт"
"923","uk","Виробництво, торгівля та агросектор","Роздрібні магазини","Импорт"
"924","uk","Виробництво, торгівля та агросектор","Роздрібні магазини","Комплектація об’єктів"
"925","uk","Виробництво, торгівля та агросектор","Роздрібні магазини","Технічне обслуговування"
"926","uk","Виробництво, торгівля та агросектор","Інтернет-магазини та маркетплейси","Виробництво на замовлення"
"927","uk","Виробництво, торгівля та агросектор","Інтернет-магазини та маркетплейси","Серійне виробництво"
"928","uk","Виробництво, торгівля та агросектор","Інтернет-магазини та маркетплейси","Оптові поставки"
"929","uk","Виробництво, торгівля та агросектор","Інтернет-магазини та маркетплейси","Роздрібні продажі"
"930","uk","Виробництво, торгівля та агросектор","Інтернет-магазини та маркетплейси","Контрактне виробництво"
"931","uk","Виробництво, торгівля та агросектор","Інтернет-магазини та маркетплейси","Private label"
"932","uk","Виробництво, торгівля та агросектор","Інтернет-магазини та маркетплейси","Експорт"
"933","uk","Виробництво, торгівля та агросектор","Інтернет-магазини та маркетплейси","Импорт"
"934","uk","Виробництво, торгівля та агросектор","Інтернет-магазини та маркетплейси","Комплектація об’єктів"
"935","uk","Виробництво, торгівля та агросектор","Інтернет-магазини та маркетплейси","Технічне обслуговування"
"936","uk","Виробництво, торгівля та агросектор","Експорт та імпорт","Виробництво на замовлення"
"937","uk","Виробництво, торгівля та агросектор","Експорт та імпорт","Серійне виробництво"
"938","uk","Виробництво, торгівля та агросектор","Експорт та імпорт","Оптові поставки"
"939","uk","Виробництво, торгівля та агросектор","Експорт та імпорт","Роздрібні продажі"
"940","uk","Виробництво, торгівля та агросектор","Експорт та імпорт","Контрактне виробництво"
"941","uk","Виробництво, торгівля та агросектор","Експорт та імпорт","Private label"
"942","uk","Виробництво, торгівля та агросектор","Експорт та імпорт","Експорт"
"943","uk","Виробництво, торгівля та агросектор","Експорт та імпорт","Импорт"
"944","uk","Виробництво, торгівля та агросектор","Експорт та імпорт","Комплектація об’єктів"
"945","uk","Виробництво, торгівля та агросектор","Експорт та імпорт","Технічне обслуговування"
"946","uk","Виробництво, торгівля та агросектор","Постачальники обладнання","Виробництво на замовлення"
"947","uk","Виробництво, торгівля та агросектор","Постачальники обладнання","Серійне виробництво"
"948","uk","Виробництво, торгівля та агросектор","Постачальники обладнання","Оптові поставки"
"949","uk","Виробництво, торгівля та агросектор","Постачальники обладнання","Роздрібні продажі"
"950","uk","Виробництво, торгівля та агросектор","Постачальники обладнання","Контрактне виробництво"
"951","uk","Виробництво, торгівля та агросектор","Постачальники обладнання","Private label"
"952","uk","Виробництво, торгівля та агросектор","Постачальники обладнання","Експорт"
"953","uk","Виробництво, торгівля та агросектор","Постачальники обладнання","Импорт"
"954","uk","Виробництво, торгівля та агросектор","Постачальники обладнання","Комплектація об’єктів"
"955","uk","Виробництво, торгівля та агросектор","Постачальники обладнання","Технічне обслуговування"
"956","uk","Виробництво, торгівля та агросектор","Промисловий ремонт та обслуговування","Виробництво на замовлення"
"957","uk","Виробництво, торгівля та агросектор","Промисловий ремонт та обслуговування","Серійне виробництво"
"958","uk","Виробництво, торгівля та агросектор","Промисловий ремонт та обслуговування","Оптові поставки"
"959","uk","Виробництво, торгівля та агросектор","Промисловий ремонт та обслуговування","Роздрібні продажі"
"960","uk","Виробництво, торгівля та агросектор","Промисловий ремонт та обслуговування","Контрактне виробництво"
"961","uk","Виробництво, торгівля та агросектор","Промисловий ремонт та обслуговування","Private label"
"962","uk","Виробництво, торгівля та агросектор","Промисловий ремонт та обслуговування","Експорт"
"963","uk","Виробництво, торгівля та агросектор","Промисловий ремонт та обслуговування","Импорт"
"964","uk","Виробництво, торгівля та агросектор","Промисловий ремонт та обслуговування","Комплектація об’єктів"
"965","uk","Виробництво, торгівля та агросектор","Промисловий ремонт та обслуговування","Технічне обслуговування"
"966","uk","Виробництво, торгівля та агросектор","Харчова промисловість","Виробництво на замовлення"
"967","uk","Виробництво, торгівля та агросектор","Харчова промисловість","Серійне виробництво"
"968","uk","Виробництво, торгівля та агросектор","Харчова промисловість","Оптові поставки"
"969","uk","Виробництво, торгівля та агросектор","Харчова промисловість","Роздрібні продажі"
"970","uk","Виробництво, торгівля та агросектор","Харчова промисловість","Контрактне виробництво"
"971","uk","Виробництво, торгівля та агросектор","Харчова промисловість","Private label"
"972","uk","Виробництво, торгівля та агросектор","Харчова промисловість","Експорт"
"973","uk","Виробництво, торгівля та агросектор","Харчова промисловість","Импорт"
"974","uk","Виробництво, торгівля та агросектор","Харчова промисловість","Комплектація об’єктів"
"975","uk","Виробництво, торгівля та агросектор","Харчова промисловість","Технічне обслуговування"
"976","uk","Виробництво, торгівля та агросектор","Легка промисловість та одяг","Виробництво на замовлення"
"977","uk","Виробництво, торгівля та агросектор","Легка промисловість та одяг","Серійне виробництво"
"978","uk","Виробництво, торгівля та агросектор","Легка промисловість та одяг","Оптові поставки"
"979","uk","Виробництво, торгівля та агросектор","Легка промисловість та одяг","Роздрібні продажі"
"980","uk","Виробництво, торгівля та агросектор","Легка промисловість та одяг","Контрактне виробництво"
"981","uk","Виробництво, торгівля та агросектор","Легка промисловість та одяг","Private label"
"982","uk","Виробництво, торгівля та агросектор","Легка промисловість та одяг","Експорт"
"983","uk","Виробництво, торгівля та агросектор","Легка промисловість та одяг","Импорт"
"984","uk","Виробництво, торгівля та агросектор","Легка промисловість та одяг","Комплектація об’єктів"
"985","uk","Виробництво, торгівля та агросектор","Легка промисловість та одяг","Технічне обслуговування"
"986","uk","Виробництво, торгівля та агросектор","Меблеве виробництво","Виробництво на замовлення"
"987","uk","Виробництво, торгівля та агросектор","Меблеве виробництво","Серійне виробництво"
"988","uk","Виробництво, торгівля та агросектор","Меблеве виробництво","Оптові поставки"
"989","uk","Виробництво, торгівля та агросектор","Меблеве виробництво","Роздрібні продажі"
"990","uk","Виробництво, торгівля та агросектор","Меблеве виробництво","Контрактне виробництво"
"991","uk","Виробництво, торгівля та агросектор","Меблеве виробництво","Private label"
"992","uk","Виробництво, торгівля та агросектор","Меблеве виробництво","Експорт"
"993","uk","Виробництво, торгівля та агросектор","Меблеве виробництво","Импорт"
"994","uk","Виробництво, торгівля та агросектор","Меблеве виробництво","Комплектація об’єктів"
"995","uk","Виробництво, торгівля та агросектор","Меблеве виробництво","Технічне обслуговування"
"996","uk","Виробництво, торгівля та агросектор","Меблеве виробництво","Корпоративні закупівлі"
"997","uk","Виробництво, торгівля та агросектор","Меблеве виробництво","Індивідуальні вироби"
"998","uk","Виробництво, торгівля та агросектор","Будівельні матеріали","Виробництво на замовлення"
"999","uk","Виробництво, торгівля та агросектор","Будівельні матеріали","Серійне виробництво"
"1000","uk","Виробництво, торгівля та агросектор","Будівельні матеріали","Оптові поставки"
"1001","uk","Виробництво, торгівля та агросектор","Будівельні матеріали","Роздрібні продажі"
"1002","uk","Виробництво, торгівля та агросектор","Будівельні матеріали","Контрактне виробництво"
"1003","uk","Виробництво, торгівля та агросектор","Будівельні матеріали","Private label"
"1004","uk","Виробництво, торгівля та агросектор","Будівельні матеріали","Експорт"
"1005","uk","Виробництво, торгівля та агросектор","Будівельні матеріали","Импорт"
"1006","uk","Виробництво, торгівля та агросектор","Будівельні матеріали","Комплектація об’єктів"
"1007","uk","Виробництво, торгівля та агросектор","Будівельні матеріали","Технічне обслуговування"
"1008","uk","Виробництво, торгівля та агросектор","Поліграфія та пакування","Виробництво на замовлення"
"1009","uk","Виробництво, торгівля та агросектор","Поліграфія та пакування","Серійне виробництво"
"1010","uk","Виробництво, торгівля та агросектор","Поліграфія та пакування","Оптові поставки"
"1011","uk","Виробництво, торгівля та агросектор","Поліграфія та пакування","Роздрібні продажі"
"1012","uk","Виробництво, торгівля та агросектор","Поліграфія та пакування","Контрактне виробництво"
"1013","uk","Виробництво, торгівля та агросектор","Поліграфія та пакування","Private label"
"1014","uk","Виробництво, торгівля та агросектор","Поліграфія та пакування","Експорт"
"1015","uk","Виробництво, торгівля та агросектор","Поліграфія та пакування","Импорт"
"1016","uk","Виробництво, торгівля та агросектор","Поліграфія та пакування","Комплектація об’єктів"
"1017","uk","Виробництво, торгівля та агросектор","Поліграфія та пакування","Технічне обслуговування"
"1018","uk","Виробництво, торгівля та агросектор","Сільське господарство та агросервіси","Виробництво на замовлення"
"1019","uk","Виробництво, торгівля та агросектор","Сільське господарство та агросервіси","Серійне виробництво"
"1020","uk","Виробництво, торгівля та агросектор","Сільське господарство та агросервіси","Оптові поставки"
"1021","uk","Виробництво, торгівля та агросектор","Сільське господарство та агросервіси","Роздрібні продажі"
"1022","uk","Виробництво, торгівля та агросектор","Сільське господарство та агросервіси","Контрактне виробництво"
"1023","uk","Виробництво, торгівля та агросектор","Сільське господарство та агросервіси","Private label"
"1024","uk","Виробництво, торгівля та агросектор","Сільське господарство та агросервіси","Експорт"
"1025","uk","Виробництво, торгівля та агросектор","Сільське господарство та агросервіси","Импорт"
"1026","uk","Виробництво, торгівля та агросектор","Сільське господарство та агросервіси","Комплектація об’єктів"
"1027","uk","Виробництво, торгівля та агросектор","Сільське господарство та агросервіси","Технічне обслуговування"
"1028","uk","IT, маркетинг, дизайн і медіа","Розробка сайтів та e-commerce","Корпоративні сайти"
"1029","uk","IT, маркетинг, дизайн і медіа","Розробка сайтів та e-commerce","Інтернет-магазини"
"1030","uk","IT, маркетинг, дизайн і медіа","Розробка сайтів та e-commerce","Лендинги"
"1031","uk","IT, маркетинг, дизайн і медіа","Розробка сайтів та e-commerce","Каталоги товаров та услуг"
"1032","uk","IT, маркетинг, дизайн і медіа","Розробка сайтів та e-commerce","Маркетплейси"
"1033","uk","IT, маркетинг, дизайн і медіа","Розробка сайтів та e-commerce","Портали та особисті кабінети"
"1034","uk","IT, маркетинг, дизайн і медіа","Розробка сайтів та e-commerce","Редизайн сайта"
"1035","uk","IT, маркетинг, дизайн і медіа","Розробка сайтів та e-commerce","Frontend-разработка"
"1036","uk","IT, маркетинг, дизайн і медіа","Розробка сайтів та e-commerce","Backend-разработка"
"1037","uk","IT, маркетинг, дизайн і медіа","Розробка сайтів та e-commerce","CMS-разработка"
"1038","uk","IT, маркетинг, дизайн і медіа","Розробка сайтів та e-commerce","Інтеграція платіжних систем"
"1039","uk","IT, маркетинг, дизайн і медіа","Розробка сайтів та e-commerce","Інтеграція CRM та ERP"
"1040","uk","IT, маркетинг, дизайн і медіа","Розробка сайтів та e-commerce","Технічна поддержка сайтов"
"1041","uk","IT, маркетинг, дизайн і медіа","Розробка сайтів та e-commerce","Оптимизация скорости"
"1042","uk","IT, маркетинг, дизайн і медіа","Розробка сайтів та e-commerce","Багатомовні сайти"
"1043","uk","IT, маркетинг, дизайн і медіа","Розробка сайтів та e-commerce","Accessibility та ADA/WCAG"
"1044","uk","IT, маркетинг, дизайн і медіа","Розробка програмного забезпечення","Аудит і консультація"
"1045","uk","IT, маркетинг, дизайн і медіа","Розробка програмного забезпечення","Розробка з нуля"
"1046","uk","IT, маркетинг, дизайн і медіа","Розробка програмного забезпечення","Доопрацювання та модернізація"
"1047","uk","IT, маркетинг, дизайн і медіа","Розробка програмного забезпечення","Інтеграція"
"1048","uk","IT, маркетинг, дизайн і медіа","Розробка програмного забезпечення","Технічна підтримка"
"1049","uk","IT, маркетинг, дизайн і медіа","Розробка програмного забезпечення","Аутсорсинг"
"1050","uk","IT, маркетинг, дизайн і медіа","Розробка програмного забезпечення","Впровадження"
"1051","uk","IT, маркетинг, дизайн і медіа","Розробка програмного забезпечення","Навчання користувачів"
"1052","uk","IT, маркетинг, дизайн і медіа","Розробка програмного забезпечення","Корпоративні рішення"
"1053","uk","IT, маркетинг, дизайн і медіа","Розробка програмного забезпечення","Мобільні рішення"
"1054","uk","IT, маркетинг, дизайн і медіа","Розробка програмного забезпечення","Хмарні рішення"
"1055","uk","IT, маркетинг, дизайн і медіа","Розробка програмного забезпечення","Аналітика"
"1056","uk","IT, маркетинг, дизайн і медіа","Розробка програмного забезпечення","Інформаційна безпека"
"1057","uk","IT, маркетинг, дизайн і медіа","Мобільні застосунки","Аудит і консультація"
"1058","uk","IT, маркетинг, дизайн і медіа","Мобільні застосунки","Розробка з нуля"
"1059","uk","IT, маркетинг, дизайн і медіа","Мобільні застосунки","Доопрацювання та модернізація"
"1060","uk","IT, маркетинг, дизайн і медіа","Мобільні застосунки","Інтеграція"
"1061","uk","IT, маркетинг, дизайн і медіа","Мобільні застосунки","Технічна підтримка"
"1062","uk","IT, маркетинг, дизайн і медіа","Мобільні застосунки","Аутсорсинг"
"1063","uk","IT, маркетинг, дизайн і медіа","Мобільні застосунки","Впровадження"
"1064","uk","IT, маркетинг, дизайн і медіа","Мобільні застосунки","Навчання користувачів"
"1065","uk","IT, маркетинг, дизайн і медіа","Мобільні застосунки","Корпоративні рішення"
"1066","uk","IT, маркетинг, дизайн і медіа","Мобільні застосунки","Мобільні рішення"
"1067","uk","IT, маркетинг, дизайн і медіа","Штучний інтелект та автоматизація","AI-консалтинг"
"1068","uk","IT, маркетинг, дизайн і медіа","Штучний інтелект та автоматизація","Чат-боти"
"1069","uk","IT, маркетинг, дизайн і медіа","Штучний інтелект та автоматизація","Голосові асистенти"
"1070","uk","IT, маркетинг, дизайн і медіа","Штучний інтелект та автоматизація","AI-агенти"
"1071","uk","IT, маркетинг, дизайн і медіа","Штучний інтелект та автоматизація","Автоматизация бизнес-процессов"
"1072","uk","IT, маркетинг, дизайн і медіа","Штучний інтелект та автоматизація","Обработка документов с AI"
"1073","uk","IT, маркетинг, дизайн і медіа","Штучний інтелект та автоматизація","Аналітика та прогнозирование"
"1074","uk","IT, маркетинг, дизайн і медіа","Штучний інтелект та автоматизація","Компьютерное зрение"
"1075","uk","IT, маркетинг, дизайн і медіа","Штучний інтелект та автоматизація","Распознавание речи"
"1076","uk","IT, маркетинг, дизайн і медіа","Штучний інтелект та автоматизація","Генерация контента"
"1077","uk","IT, маркетинг, дизайн і медіа","Штучний інтелект та автоматизація","Рекомендаційні системи"
"1078","uk","IT, маркетинг, дизайн і медіа","Штучний інтелект та автоматизація","Інтеграція AI в CRM"
"1079","uk","IT, маркетинг, дизайн і медіа","Штучний інтелект та автоматизація","Автоматизация клиентской поддержки"
"1080","uk","IT, маркетинг, дизайн і медіа","Штучний інтелект та автоматизація","Корпоративні бази знань"
"1081","uk","IT, маркетинг, дизайн і медіа","Штучний інтелект та автоматизація","Навчання персонала работе с AI"
"1082","uk","IT, маркетинг, дизайн і медіа","Хмарна інфраструктура та DevOps","Аудит і консультація"
"1083","uk","IT, маркетинг, дизайн і медіа","Хмарна інфраструктура та DevOps","Розробка з нуля"
"1084","uk","IT, маркетинг, дизайн і медіа","Хмарна інфраструктура та DevOps","Доопрацювання та модернізація"
"1085","uk","IT, маркетинг, дизайн і медіа","Хмарна інфраструктура та DevOps","Інтеграція"
"1086","uk","IT, маркетинг, дизайн і медіа","Хмарна інфраструктура та DevOps","Технічна підтримка"
"1087","uk","IT, маркетинг, дизайн і медіа","Хмарна інфраструктура та DevOps","Аутсорсинг"
"1088","uk","IT, маркетинг, дизайн і медіа","Хмарна інфраструктура та DevOps","Впровадження"
"1089","uk","IT, маркетинг, дизайн і медіа","Хмарна інфраструктура та DevOps","Навчання користувачів"
"1090","uk","IT, маркетинг, дизайн і медіа","Хмарна інфраструктура та DevOps","Корпоративні рішення"
"1091","uk","IT, маркетинг, дизайн і медіа","Хмарна інфраструктура та DevOps","Мобільні рішення"
"1092","uk","IT, маркетинг, дизайн і медіа","Кібербезпека","Аудит і консультація"
"1093","uk","IT, маркетинг, дизайн і медіа","Кібербезпека","Розробка з нуля"
"1094","uk","IT, маркетинг, дизайн і медіа","Кібербезпека","Доопрацювання та модернізація"
"1095","uk","IT, маркетинг, дизайн і медіа","Кібербезпека","Інтеграція"
"1096","uk","IT, маркетинг, дизайн і медіа","Кібербезпека","Технічна підтримка"
"1097","uk","IT, маркетинг, дизайн і медіа","Кібербезпека","Аутсорсинг"
"1098","uk","IT, маркетинг, дизайн і медіа","Кібербезпека","Впровадження"
"1099","uk","IT, маркетинг, дизайн і медіа","Кібербезпека","Навчання користувачів"
"1100","uk","IT, маркетинг, дизайн і медіа","Кібербезпека","Корпоративні рішення"
"1101","uk","IT, маркетинг, дизайн і медіа","Кібербезпека","Мобільні рішення"
"1102","uk","IT, маркетинг, дизайн і медіа","IT-підтримка та системне адміністрування","Аудит і консультація"
"1103","uk","IT, маркетинг, дизайн і медіа","IT-підтримка та системне адміністрування","Розробка з нуля"
"1104","uk","IT, маркетинг, дизайн і медіа","IT-підтримка та системне адміністрування","Доопрацювання та модернізація"
"1105","uk","IT, маркетинг, дизайн і медіа","IT-підтримка та системне адміністрування","Інтеграція"
"1106","uk","IT, маркетинг, дизайн і медіа","IT-підтримка та системне адміністрування","Технічна підтримка"
"1107","uk","IT, маркетинг, дизайн і медіа","IT-підтримка та системне адміністрування","Аутсорсинг"
"1108","uk","IT, маркетинг, дизайн і медіа","IT-підтримка та системне адміністрування","Впровадження"
"1109","uk","IT, маркетинг, дизайн і медіа","IT-підтримка та системне адміністрування","Навчання користувачів"
"1110","uk","IT, маркетинг, дизайн і медіа","IT-підтримка та системне адміністрування","Корпоративні рішення"
"1111","uk","IT, маркетинг, дизайн і медіа","IT-підтримка та системне адміністрування","Мобільні рішення"
"1112","uk","IT, маркетинг, дизайн і медіа","Інтернет-маркетинг та реклама","Маркетинговая стратегия"
"1113","uk","IT, маркетинг, дизайн і медіа","Інтернет-маркетинг та реклама","Лидогенерация"
"1114","uk","IT, маркетинг, дизайн і медіа","Інтернет-маркетинг та реклама","Контекстная реклама"
"1115","uk","IT, маркетинг, дизайн і медіа","Інтернет-маркетинг та реклама","Таргетированная реклама"
"1116","uk","IT, маркетинг, дизайн і медіа","Інтернет-маркетинг та реклама","Email-маркетинг"
"1117","uk","IT, маркетинг, дизайн і медіа","Інтернет-маркетинг та реклама","Медиабаинг"
"1118","uk","IT, маркетинг, дизайн і медіа","Інтернет-маркетинг та реклама","Маркетинговая аналитика"
"1119","uk","IT, маркетинг, дизайн і медіа","Інтернет-маркетинг та реклама","Автоматизация маркетинга"
"1120","uk","IT, маркетинг, дизайн і медіа","Інтернет-маркетинг та реклама","Local advertising"
"1121","uk","IT, маркетинг, дизайн і медіа","Інтернет-маркетинг та реклама","Аудит і консультація"
"1122","uk","IT, маркетинг, дизайн і медіа","SEO та локальне просування","SEO-аудит"
"1123","uk","IT, маркетинг, дизайн і медіа","SEO та локальне просування","Технічне SEO"
"1124","uk","IT, маркетинг, дизайн і медіа","SEO та локальне просування","Семантическое ядро"
"1125","uk","IT, маркетинг, дизайн і медіа","SEO та локальне просування","Внутренняя оптимизация"
"1126","uk","IT, маркетинг, дизайн і медіа","SEO та локальне просування","Link building"
"1127","uk","IT, маркетинг, дизайн і медіа","SEO та локальне просування","Local SEO"
"1128","uk","IT, маркетинг, дизайн і медіа","SEO та локальне просування","Google Business Profile"
"1129","uk","IT, маркетинг, дизайн і медіа","SEO та локальне просування","Просування интернет-магазинов"
"1130","uk","IT, маркетинг, дизайн і медіа","SEO та локальне просування","SEO-аналитика"
"1131","uk","IT, маркетинг, дизайн і медіа","SEO та локальне просування","Аудит і консультація"
"1132","uk","IT, маркетинг, дизайн і медіа","Соціальні мережі та контент","Стратегія соціальних мереж"
"1133","uk","IT, маркетинг, дизайн і медіа","Соціальні мережі та контент","Instagram"
"1134","uk","IT, маркетинг, дизайн і медіа","Соціальні мережі та контент","Facebook"
"1135","uk","IT, маркетинг, дизайн і медіа","Соціальні мережі та контент","TikTok"
"1136","uk","IT, маркетинг, дизайн і медіа","Соціальні мережі та контент","LinkedIn"
"1137","uk","IT, маркетинг, дизайн і медіа","Соціальні мережі та контент","YouTube"
"1138","uk","IT, маркетинг, дизайн і медіа","Соціальні мережі та контент","Створення контента"
"1139","uk","IT, маркетинг, дизайн і медіа","Соціальні мережі та контент","Community management"
"1140","uk","IT, маркетинг, дизайн і медіа","Соціальні мережі та контент","Influencer marketing"
"1141","uk","IT, маркетинг, дизайн і медіа","Соціальні мережі та контент","Аналітика соціальних мереж"
"1142","uk","IT, маркетинг, дизайн і медіа","Дизайн та брендинг","Фірмовий стиль"
"1143","uk","IT, маркетинг, дизайн і медіа","Дизайн та брендинг","Логотип"
"1144","uk","IT, маркетинг, дизайн і медіа","Дизайн та брендинг","Брендбук"
"1145","uk","IT, маркетинг, дизайн і медіа","Дизайн та брендинг","Графічний дизайн"
"1146","uk","IT, маркетинг, дизайн і медіа","Дизайн та брендинг","Веб-дизайн"
"1147","uk","IT, маркетинг, дизайн і медіа","Дизайн та брендинг","Дизайн упаковки"
"1148","uk","IT, маркетинг, дизайн і медіа","Дизайн та брендинг","Рекламні матеріали"
"1149","uk","IT, маркетинг, дизайн і медіа","Дизайн та брендинг","Презентации"
"1150","uk","IT, маркетинг, дизайн і медіа","Дизайн та брендинг","UX/UI-дизайн"
"1151","uk","IT, маркетинг, дизайн і медіа","Дизайн та брендинг","Аудит і консультація"
"1152","uk","IT, маркетинг, дизайн і медіа","Фото, відео та медіапродакшн","Аудит і консультація"
"1153","uk","IT, маркетинг, дизайн і медіа","Фото, відео та медіапродакшн","Розробка з нуля"
"1154","uk","IT, маркетинг, дизайн і медіа","Фото, відео та медіапродакшн","Доопрацювання та модернізація"
"1155","uk","IT, маркетинг, дизайн і медіа","Фото, відео та медіапродакшн","Інтеграція"
"1156","uk","IT, маркетинг, дизайн і медіа","Фото, відео та медіапродакшн","Технічна підтримка"
"1157","uk","IT, маркетинг, дизайн і медіа","Фото, відео та медіапродакшн","Аутсорсинг"
"1158","uk","IT, маркетинг, дизайн і медіа","Фото, відео та медіапродакшн","Впровадження"
"1159","uk","IT, маркетинг, дизайн і медіа","Фото, відео та медіапродакшн","Навчання користувачів"
"1160","uk","IT, маркетинг, дизайн і медіа","Фото, відео та медіапродакшн","Корпоративні рішення"
"1161","uk","IT, маркетинг, дизайн і медіа","Фото, відео та медіапродакшн","Мобільні рішення"
"1162","uk","Гостинність, освіта та побутові послуги","Готелі та апартаменти","Готелі"
"1163","uk","Гостинність, освіта та побутові послуги","Готелі та апартаменти","Апарт-отели"
"1164","uk","Гостинність, освіта та побутові послуги","Готелі та апартаменти","Хостели"
"1165","uk","Гостинність, освіта та побутові послуги","Готелі та апартаменти","Гостьові дома"
"1166","uk","Гостинність, освіта та побутові послуги","Готелі та апартаменти","Краткосрочная аренда"
"1167","uk","Гостинність, освіта та побутові послуги","Готелі та апартаменти","Бизнес-размещение"
"1168","uk","Гостинність, освіта та побутові послуги","Готелі та апартаменти","Сімейне размещение"
"1169","uk","Гостинність, освіта та побутові послуги","Готелі та апартаменти","Pet-friendly размещение"
"1170","uk","Гостинність, освіта та побутові послуги","Готелі та апартаменти","Конференц-сервис"
"1171","uk","Гостинність, освіта та побутові послуги","Готелі та апартаменти","Extended stay"
"1172","uk","Гостинність, освіта та побутові послуги","Туристичні агентства та туроператори","Авіатури"
"1173","uk","Гостинність, освіта та побутові послуги","Туристичні агентства та туроператори","Автобусні тури"
"1174","uk","Гостинність, освіта та побутові послуги","Туристичні агентства та туроператори","Пляжний відпочинок"
"1175","uk","Гостинність, освіта та побутові послуги","Туристичні агентства та туроператори","Гірськолижні тури"
"1176","uk","Гостинність, освіта та побутові послуги","Туристичні агентства та туроператори","Круїзи"
"1177","uk","Гостинність, освіта та побутові послуги","Туристичні агентства та туроператори","Ділові поїздки"
"1178","uk","Гостинність, освіта та побутові послуги","Туристичні агентства та туроператори","Сімейні тури"
"1179","uk","Гостинність, освіта та побутові послуги","Туристичні агентства та туроператори","Індивідуальні тури"
"1180","uk","Гостинність, освіта та побутові послуги","Туристичні агентства та туроператори","Визовая поддержка"
"1181","uk","Гостинність, освіта та побутові послуги","Туристичні агентства та туроператори","Travel insurance"
"1182","uk","Гостинність, освіта та побутові послуги","Ресторани, кафе та кейтеринг","Европейская кухня"
"1183","uk","Гостинність, освіта та побутові послуги","Ресторани, кафе та кейтеринг","Украинская кухня"
"1184","uk","Гостинність, освіта та побутові послуги","Ресторани, кафе та кейтеринг","Итальянская кухня"
"1185","uk","Гостинність, освіта та побутові послуги","Ресторани, кафе та кейтеринг","Азиатская кухня"
"1186","uk","Гостинність, освіта та побутові послуги","Ресторани, кафе та кейтеринг","Американская кухня"
"1187","uk","Гостинність, освіта та побутові послуги","Ресторани, кафе та кейтеринг","Средиземноморская кухня"
"1188","uk","Гостинність, освіта та побутові послуги","Ресторани, кафе та кейтеринг","Fast casual"
"1189","uk","Гостинність, освіта та побутові послуги","Ресторани, кафе та кейтеринг","Сімейні ресторани"
"1190","uk","Гостинність, освіта та побутові послуги","Ресторани, кафе та кейтеринг","Банкети"
"1191","uk","Гостинність, освіта та побутові послуги","Ресторани, кафе та кейтеринг","Доставка їжі"
"1192","uk","Гостинність, освіта та побутові послуги","Організація заходів і весіль","Індивідуальне обслуговування"
"1193","uk","Гостинність, освіта та побутові послуги","Організація заходів і весіль","Сімейні послуги"
"1194","uk","Гостинність, освіта та побутові послуги","Організація заходів і весіль","Групові програми"
"1195","uk","Гостинність, освіта та побутові послуги","Організація заходів і весіль","Корпоративне обслуговування"
"1196","uk","Гостинність, освіта та побутові послуги","Організація заходів і весіль","Преміум-формат"
"1197","uk","Гостинність, освіта та побутові послуги","Організація заходів і весіль","Бюджетний формат"
"1198","uk","Гостинність, освіта та побутові послуги","Організація заходів і весіль","Онлайн-бронювання"
"1199","uk","Гостинність, освіта та побутові послуги","Організація заходів і весіль","Виїзне обслуговування"
"1200","uk","Гостинність, освіта та побутові послуги","Організація заходів і весіль","Дитячі послуги"
"1201","uk","Гостинність, освіта та побутові послуги","Організація заходів і весіль","Організація під ключ"
"1202","uk","Гостинність, освіта та побутові послуги","Освітні центри та мовні школи","Англійська мова"
"1203","uk","Гостинність, освіта та побутові послуги","Освітні центри та мовні школи","Німецька мова"
"1204","uk","Гостинність, освіта та побутові послуги","Освітні центри та мовні школи","Італійська мова"
"1205","uk","Гостинність, освіта та побутові послуги","Освітні центри та мовні школи","Французька мова"
"1206","uk","Гостинність, освіта та побутові послуги","Освітні центри та мовні школи","Українська мова"
"1207","uk","Гостинність, освіта та побутові послуги","Освітні центри та мовні школи","Румунська мова"
"1208","uk","Гостинність, освіта та побутові послуги","Освітні центри та мовні школи","Підготовка к IELTS та TOEFL"
"1209","uk","Гостинність, освіта та побутові послуги","Освітні центри та мовні школи","Професійні курси"
"1210","uk","Гостинність, освіта та побутові послуги","Освітні центри та мовні школи","Комп’ютерні курси"
"1211","uk","Гостинність, освіта та побутові послуги","Освітні центри та мовні школи","Бизнес-образование"
"1212","uk","Гостинність, освіта та побутові послуги","Освітні центри та мовні школи","Підготовка к школе"
"1213","uk","Гостинність, освіта та побутові послуги","Освітні центри та мовні школи","Репетиторство"
"1214","uk","Гостинність, освіта та побутові послуги","Освітні центри та мовні школи","Онлайн-обучение"
"1215","uk","Гостинність, освіта та побутові послуги","Освітні центри та мовні школи","Корпоративное обучение"
"1216","uk","Гостинність, освіта та побутові послуги","Освітні центри та мовні школи","Підготовка до ліцензування та іспитів"
"1217","uk","Гостинність, освіта та побутові послуги","Дитячі садки та childcare","Daycare"
"1218","uk","Гостинність, освіта та побутові послуги","Дитячі садки та childcare","Preschool"
"1219","uk","Гостинність, освіта та побутові послуги","Дитячі садки та childcare","Сімейний дитячий садок"
"1220","uk","Гостинність, освіта та побутові послуги","Дитячі садки та childcare","Післяшкільний догляд"
"1221","uk","Гостинність, освіта та побутові послуги","Дитячі садки та childcare","Няня на дому"
"1222","uk","Гостинність, освіта та побутові послуги","Дитячі садки та childcare","Babysitting"
"1223","uk","Гостинність, освіта та побутові послуги","Дитячі садки та childcare","Летние лагеря"
"1224","uk","Гостинність, освіта та побутові послуги","Дитячі садки та childcare","Развивающие занятия"
"1225","uk","Гостинність, освіта та побутові послуги","Дитячі садки та childcare","Підготовка к школе"
"1226","uk","Гостинність, освіта та побутові послуги","Дитячі садки та childcare","Догляд за дітьми з особливими потребами"
"1227","uk","Гостинність, освіта та побутові послуги","Дитячі садки та childcare","Двомовні дитячі програми"
"1228","uk","Гостинність, освіта та побутові послуги","Дитячі садки та childcare","Почасовой childcare"
"1229","uk","Гостинність, освіта та побутові послуги","Ремонт побутової техніки та електроніки","Індивідуальне обслуговування"
"1230","uk","Гостинність, освіта та побутові послуги","Ремонт побутової техніки та електроніки","Сімейні послуги"
"1231","uk","Гостинність, освіта та побутові послуги","Ремонт побутової техніки та електроніки","Групові програми"
"1232","uk","Гостинність, освіта та побутові послуги","Ремонт побутової техніки та електроніки","Корпоративне обслуговування"
"1233","uk","Гостинність, освіта та побутові послуги","Ремонт побутової техніки та електроніки","Преміум-формат"
"1234","uk","Гостинність, освіта та побутові послуги","Ремонт побутової техніки та електроніки","Бюджетний формат"
"1235","uk","Гостинність, освіта та побутові послуги","Ремонт побутової техніки та електроніки","Онлайн-бронювання"
"1236","uk","Гостинність, освіта та побутові послуги","Ремонт побутової техніки та електроніки","Виїзне обслуговування"
"1237","uk","Гостинність, освіта та побутові послуги","Ремонт побутової техніки та електроніки","Дитячі послуги"
"1238","uk","Гостинність, освіта та побутові послуги","Ремонт побутової техніки та електроніки","Організація під ключ"
"1239","uk","Гостинність, освіта та побутові послуги","Послуги для домашніх тварин","Ветеринарні клініки"
"1240","uk","Гостинність, освіта та побутові послуги","Послуги для домашніх тварин","Груминг"
"1241","uk","Гостинність, освіта та побутові послуги","Послуги для домашніх тварин","Перетримка тварин"
"1242","uk","Гостинність, освіта та побутові послуги","Послуги для домашніх тварин","Вигул собак"
"1243","uk","Гостинність, освіта та побутові послуги","Послуги для домашніх тварин","Дресирування"
"1244","uk","Гостинність, освіта та побутові послуги","Послуги для домашніх тварин","Зоомагазини"
"1245","uk","Гостинність, освіта та побутові послуги","Послуги для домашніх тварин","Мобільний ветеринар"
"1246","uk","Гостинність, освіта та побутові послуги","Послуги для домашніх тварин","Pet sitting"
"1247","uk","Гостинність, освіта та побутові послуги","Послуги для домашніх тварин","Дневной уход за собаками"
"1248","uk","Гостинність, освіта та побутові послуги","Послуги для домашніх тварин","Перевозка тварин"
"1249","uk","Гостинність, освіта та побутові послуги","Послуги для домашніх тварин","Індивідуальне обслуговування"
"1250","uk","Гостинність, освіта та побутові послуги","Послуги для домашніх тварин","Сімейні послуги"
"1251","uk","Гостинність, освіта та побутові послуги","Послуги для домашніх тварин","Групові програми"
"1252","uk","Гостинність, освіта та побутові послуги","Послуги для домашніх тварин","Корпоративне обслуговування"
"1","ru","Право, финансы и безопасность","Юридические фирмы и адвокаты","Консультации"
"2","ru","Право, финансы и безопасность","Юридические фирмы и адвокаты","Подготовка документов"
"3","ru","Право, финансы и безопасность","Юридические фирмы и адвокаты","Правовой или финансовый анализ"
"4","ru","Право, финансы и безопасность","Юридические фирмы и адвокаты","Регистрация и оформление"
"5","ru","Право, финансы и безопасность","Юридические фирмы и адвокаты","Представительство интересов"
"6","ru","Право, финансы и безопасность","Юридические фирмы и адвокаты","Досудебное сопровождение"
"7","ru","Право, финансы и безопасность","Юридические фирмы и адвокаты","Судебное или административное сопровождение"
"8","ru","Право, финансы и безопасность","Юридические фирмы и адвокаты","Аудит и проверка"
"9","ru","Право, финансы и безопасность","Юридические фирмы и адвокаты","Сопровождение сделок"
"10","ru","Право, финансы и безопасность","Юридические фирмы и адвокаты","Абонентское обслуживание бизнеса"
"11","ru","Право, финансы и безопасность","Иммиграционное право","Туристические визы"
"12","ru","Право, финансы и безопасность","Иммиграционное право","Рабочие визы и разрешения на работу"
"13","ru","Право, финансы и безопасность","Иммиграционное право","Студенческие визы"
"14","ru","Право, финансы и безопасность","Иммиграционное право","Семейное воссоединение"
"15","ru","Право, финансы и безопасность","Иммиграционное право","Временный вид на жительство"
"16","ru","Право, финансы и безопасность","Иммиграционное право","Постоянный вид на жительство"
"17","ru","Право, финансы и безопасность","Иммиграционное право","Гражданство и натурализация"
"18","ru","Право, финансы и безопасность","Иммиграционное право","Бизнес-иммиграция"
"19","ru","Право, финансы и безопасность","Иммиграционное право","Инвестиционная иммиграция"
"20","ru","Право, финансы и безопасность","Иммиграционное право","Убежище и гуманитарная защита"
"21","ru","Право, финансы и безопасность","Иммиграционное право","Депортация и removal defense"
"22","ru","Право, финансы и безопасность","Иммиграционное право","Иммиграционные апелляции"
"23","ru","Право, финансы и безопасность","Иммиграционное право","Продление и изменение статуса"
"24","ru","Право, финансы и безопасность","Иммиграционное право","Работодательские иммиграционные петиции"
"25","ru","Право, финансы и безопасность","Иммиграционное право","Консульское сопровождение"
"26","ru","Право, финансы и безопасность","Иммиграционное право","Relocation и адаптация после переезда"
"27","ru","Право, финансы и безопасность","Семейное право","Консультации"
"28","ru","Право, финансы и безопасность","Семейное право","Подготовка документов"
"29","ru","Право, финансы и безопасность","Семейное право","Правовой или финансовый анализ"
"30","ru","Право, финансы и безопасность","Семейное право","Регистрация и оформление"
"31","ru","Право, финансы и безопасность","Семейное право","Представительство интересов"
"32","ru","Право, финансы и безопасность","Семейное право","Досудебное сопровождение"
"33","ru","Право, финансы и безопасность","Семейное право","Судебное или административное сопровождение"
"34","ru","Право, финансы и безопасность","Семейное право","Аудит и проверка"
"35","ru","Право, финансы и безопасность","Семейное право","Сопровождение сделок"
"36","ru","Право, финансы и безопасность","Семейное право","Абонентское обслуживание бизнеса"
"37","ru","Право, финансы и безопасность","Уголовное право","Консультации"
"38","ru","Право, финансы и безопасность","Уголовное право","Подготовка документов"
"39","ru","Право, финансы и безопасность","Уголовное право","Правовой или финансовый анализ"
"40","ru","Право, финансы и безопасность","Уголовное право","Регистрация и оформление"
"41","ru","Право, финансы и безопасность","Уголовное право","Представительство интересов"
"42","ru","Право, финансы и безопасность","Уголовное право","Досудебное сопровождение"
"43","ru","Право, финансы и безопасность","Уголовное право","Судебное или административное сопровождение"
"44","ru","Право, финансы и безопасность","Уголовное право","Аудит и проверка"
"45","ru","Право, финансы и безопасность","Уголовное право","Сопровождение сделок"
"46","ru","Право, финансы и безопасность","Уголовное право","Абонентское обслуживание бизнеса"
"47","ru","Право, финансы и безопасность","Гражданские споры","Консультации"
"48","ru","Право, финансы и безопасность","Гражданские споры","Подготовка документов"
"49","ru","Право, финансы и безопасность","Гражданские споры","Правовой или финансовый анализ"
"50","ru","Право, финансы и безопасность","Гражданские споры","Регистрация и оформление"
"51","ru","Право, финансы и безопасность","Гражданские споры","Представительство интересов"
"52","ru","Право, финансы и безопасность","Гражданские споры","Досудебное сопровождение"
"53","ru","Право, финансы и безопасность","Гражданские споры","Судебное или административное сопровождение"
"54","ru","Право, финансы и безопасность","Гражданские споры","Аудит и проверка"
"55","ru","Право, финансы и безопасность","Гражданские споры","Сопровождение сделок"
"56","ru","Право, финансы и безопасность","Гражданские споры","Абонентское обслуживание бизнеса"
"57","ru","Право, финансы и безопасность","Корпоративное и коммерческое право","Консультации"
"58","ru","Право, финансы и безопасность","Корпоративное и коммерческое право","Подготовка документов"
"59","ru","Право, финансы и безопасность","Корпоративное и коммерческое право","Правовой или финансовый анализ"
"60","ru","Право, финансы и безопасность","Корпоративное и коммерческое право","Регистрация и оформление"
"61","ru","Право, финансы и безопасность","Корпоративное и коммерческое право","Представительство интересов"
"62","ru","Право, финансы и безопасность","Корпоративное и коммерческое право","Досудебное сопровождение"
"63","ru","Право, финансы и безопасность","Корпоративное и коммерческое право","Судебное или административное сопровождение"
"64","ru","Право, финансы и безопасность","Корпоративное и коммерческое право","Аудит и проверка"
"65","ru","Право, финансы и безопасность","Корпоративное и коммерческое право","Сопровождение сделок"
"66","ru","Право, финансы и безопасность","Корпоративное и коммерческое право","Абонентское обслуживание бизнеса"
"67","ru","Право, финансы и безопасность","Налоговое право","Консультации"
"68","ru","Право, финансы и безопасность","Налоговое право","Подготовка документов"
"69","ru","Право, финансы и безопасность","Налоговое право","Правовой или финансовый анализ"
"70","ru","Право, финансы и безопасность","Налоговое право","Регистрация и оформление"
"71","ru","Право, финансы и безопасность","Налоговое право","Представительство интересов"
"72","ru","Право, финансы и безопасность","Налоговое право","Досудебное сопровождение"
"73","ru","Право, финансы и безопасность","Налоговое право","Судебное или административное сопровождение"
"74","ru","Право, финансы и безопасность","Налоговое право","Аудит и проверка"
"75","ru","Право, финансы и безопасность","Налоговое право","Сопровождение сделок"
"76","ru","Право, финансы и безопасность","Налоговое право","Абонентское обслуживание бизнеса"
"77","ru","Право, финансы и безопасность","Трудовое право","Консультации"
"78","ru","Право, финансы и безопасность","Трудовое право","Подготовка документов"
"79","ru","Право, финансы и безопасность","Трудовое право","Правовой или финансовый анализ"
"80","ru","Право, финансы и безопасность","Трудовое право","Регистрация и оформление"
"81","ru","Право, финансы и безопасность","Трудовое право","Представительство интересов"
"82","ru","Право, финансы и безопасность","Трудовое право","Досудебное сопровождение"
"83","ru","Право, финансы и безопасность","Трудовое право","Судебное или административное сопровождение"
"84","ru","Право, финансы и безопасность","Трудовое право","Аудит и проверка"
"85","ru","Право, финансы и безопасность","Трудовое право","Сопровождение сделок"
"86","ru","Право, финансы и безопасность","Трудовое право","Абонентское обслуживание бизнеса"
"87","ru","Право, финансы и безопасность","Недвижимость и земельное право","Консультации"
"88","ru","Право, финансы и безопасность","Недвижимость и земельное право","Подготовка документов"
"89","ru","Право, финансы и безопасность","Недвижимость и земельное право","Правовой или финансовый анализ"
"90","ru","Право, финансы и безопасность","Недвижимость и земельное право","Регистрация и оформление"
"91","ru","Право, финансы и безопасность","Недвижимость и земельное право","Представительство интересов"
"92","ru","Право, финансы и безопасность","Недвижимость и земельное право","Досудебное сопровождение"
"93","ru","Право, финансы и безопасность","Недвижимость и земельное право","Судебное или административное сопровождение"
"94","ru","Право, финансы и безопасность","Недвижимость и земельное право","Аудит и проверка"
"95","ru","Право, финансы и безопасность","Недвижимость и земельное право","Сопровождение сделок"
"96","ru","Право, финансы и безопасность","Недвижимость и земельное право","Абонентское обслуживание бизнеса"
"97","ru","Право, финансы и безопасность","Международное право","Консультации"
"98","ru","Право, финансы и безопасность","Международное право","Подготовка документов"
"99","ru","Право, финансы и безопасность","Международное право","Правовой или финансовый анализ"
"100","ru","Право, финансы и безопасность","Международное право","Регистрация и оформление"
"101","ru","Право, финансы и безопасность","Международное право","Представительство интересов"
"102","ru","Право, финансы и безопасность","Международное право","Досудебное сопровождение"
"103","ru","Право, финансы и безопасность","Международное право","Судебное или административное сопровождение"
"104","ru","Право, финансы и безопасность","Международное право","Аудит и проверка"
"105","ru","Право, финансы и безопасность","Международное право","Сопровождение сделок"
"106","ru","Право, финансы и безопасность","Международное право","Абонентское обслуживание бизнеса"
"107","ru","Право, финансы и безопасность","Интеллектуальная собственность","Консультации"
"108","ru","Право, финансы и безопасность","Интеллектуальная собственность","Подготовка документов"
"109","ru","Право, финансы и безопасность","Интеллектуальная собственность","Правовой или финансовый анализ"
"110","ru","Право, финансы и безопасность","Интеллектуальная собственность","Регистрация и оформление"
"111","ru","Право, финансы и безопасность","Интеллектуальная собственность","Представительство интересов"
"112","ru","Право, финансы и безопасность","Интеллектуальная собственность","Досудебное сопровождение"
"113","ru","Право, финансы и безопасность","Интеллектуальная собственность","Судебное или административное сопровождение"
"114","ru","Право, финансы и безопасность","Интеллектуальная собственность","Аудит и проверка"
"115","ru","Право, финансы и безопасность","Интеллектуальная собственность","Сопровождение сделок"
"116","ru","Право, финансы и безопасность","Интеллектуальная собственность","Абонентское обслуживание бизнеса"
"117","ru","Право, финансы и безопасность","Нотариальные услуги","Заверение подписей"
"118","ru","Право, финансы и безопасность","Нотариальные услуги","Заверение копий"
"119","ru","Право, финансы и безопасность","Нотариальные услуги","Доверенности"
"120","ru","Право, финансы и безопасность","Нотариальные услуги","Наследственные дела"
"121","ru","Право, финансы и безопасность","Нотариальные услуги","Брачные договоры"
"122","ru","Право, финансы и безопасность","Нотариальные услуги","Сделки с недвижимостью"
"123","ru","Право, финансы и безопасность","Нотариальные услуги","Апостиль и легализация"
"124","ru","Право, финансы и безопасность","Нотариальные услуги","Нотариальные переводы"
"125","ru","Право, финансы и безопасность","Нотариальные услуги","Консультации"
"126","ru","Право, финансы и безопасность","Нотариальные услуги","Подготовка документов"
"127","ru","Право, финансы и безопасность","Нотариальные услуги","Правовой или финансовый анализ"
"128","ru","Право, финансы и безопасность","Нотариальные услуги","Регистрация и оформление"
"129","ru","Право, финансы и безопасность","Нотариальные услуги","Представительство интересов"
"130","ru","Право, финансы и безопасность","Нотариальные услуги","Досудебное сопровождение"
"131","ru","Право, финансы и безопасность","Бухгалтерские услуги","Ведение бухгалтерского учета"
"132","ru","Право, финансы и безопасность","Бухгалтерские услуги","Зарплата и payroll"
"133","ru","Право, финансы и безопасность","Бухгалтерские услуги","Налоговая отчетность"
"134","ru","Право, финансы и безопасность","Бухгалтерские услуги","Управленческий учет"
"135","ru","Право, финансы и безопасность","Бухгалтерские услуги","Восстановление учета"
"136","ru","Право, финансы и безопасность","Бухгалтерские услуги","Bookkeeping для малого бизнеса"
"137","ru","Право, финансы и безопасность","Бухгалтерские услуги","QuickBooks / Xero сопровождение"
"138","ru","Право, финансы и безопасность","Бухгалтерские услуги","Международный учет"
"139","ru","Право, финансы и безопасность","Бухгалтерские услуги","Консультации"
"140","ru","Право, финансы и безопасность","Бухгалтерские услуги","Подготовка документов"
"141","ru","Право, финансы и безопасность","Бухгалтерские услуги","Правовой или финансовый анализ"
"142","ru","Право, финансы и безопасность","Бухгалтерские услуги","Регистрация и оформление"
"143","ru","Право, финансы и безопасность","Бухгалтерские услуги","Представительство интересов"
"144","ru","Право, финансы и безопасность","Бухгалтерские услуги","Досудебное сопровождение"
"145","ru","Право, финансы и безопасность","Аудит и финансовый контроль","Консультации"
"146","ru","Право, финансы и безопасность","Аудит и финансовый контроль","Подготовка документов"
"147","ru","Право, финансы и безопасность","Аудит и финансовый контроль","Правовой или финансовый анализ"
"148","ru","Право, финансы и безопасность","Аудит и финансовый контроль","Регистрация и оформление"
"149","ru","Право, финансы и безопасность","Аудит и финансовый контроль","Представительство интересов"
"150","ru","Право, финансы и безопасность","Аудит и финансовый контроль","Досудебное сопровождение"
"151","ru","Право, финансы и безопасность","Аудит и финансовый контроль","Судебное или административное сопровождение"
"152","ru","Право, финансы и безопасность","Аудит и финансовый контроль","Аудит и проверка"
"153","ru","Право, финансы и безопасность","Аудит и финансовый контроль","Сопровождение сделок"
"154","ru","Право, финансы и безопасность","Аудит и финансовый контроль","Абонентское обслуживание бизнеса"
"155","ru","Право, финансы и безопасность","Страхование","Медицинское страхование"
"156","ru","Право, финансы и безопасность","Страхование","Автострахование"
"157","ru","Право, финансы и безопасность","Страхование","Страхование недвижимости"
"158","ru","Право, финансы и безопасность","Страхование","Страхование жизни"
"159","ru","Право, финансы и безопасность","Страхование","Туристическое страхование"
"160","ru","Право, финансы и безопасность","Страхование","Страхование бизнеса"
"161","ru","Право, финансы и безопасность","Страхование","Страхование ответственности"
"162","ru","Право, финансы и безопасность","Страхование","Грузовое страхование"
"163","ru","Право, финансы и безопасность","Страхование","Консультации"
"164","ru","Право, финансы и безопасность","Страхование","Подготовка документов"
"165","ru","Медицина, здоровье и уход","Многопрофильные клиники","Первичная консультация"
"166","ru","Медицина, здоровье и уход","Многопрофильные клиники","Профилактический осмотр"
"167","ru","Медицина, здоровье и уход","Многопрофильные клиники","Диагностика"
"168","ru","Медицина, здоровье и уход","Многопрофильные клиники","Амбулаторное лечение"
"169","ru","Медицина, здоровье и уход","Многопрофильные клиники","Процедуры и манипуляции"
"170","ru","Медицина, здоровье и уход","Многопрофильные клиники","Второе медицинское мнение"
"171","ru","Медицина, здоровье и уход","Многопрофильные клиники","Телемедицина"
"172","ru","Медицина, здоровье и уход","Многопрофильные клиники","Детские программы"
"173","ru","Медицина, здоровье и уход","Многопрофильные клиники","Корпоративные программы здоровья"
"174","ru","Медицина, здоровье и уход","Многопрофильные клиники","Реабилитация"
"175","ru","Медицина, здоровье и уход","Многопрофильные клиники","Неотложная помощь"
"176","ru","Медицина, здоровье и уход","Семейная медицина и первичная помощь","Первичная консультация"
"177","ru","Медицина, здоровье и уход","Семейная медицина и первичная помощь","Профилактический осмотр"
"178","ru","Медицина, здоровье и уход","Семейная медицина и первичная помощь","Диагностика"
"179","ru","Медицина, здоровье и уход","Семейная медицина и первичная помощь","Амбулаторное лечение"
"180","ru","Медицина, здоровье и уход","Семейная медицина и первичная помощь","Процедуры и манипуляции"
"181","ru","Медицина, здоровье и уход","Семейная медицина и первичная помощь","Второе медицинское мнение"
"182","ru","Медицина, здоровье и уход","Семейная медицина и первичная помощь","Телемедицина"
"183","ru","Медицина, здоровье и уход","Семейная медицина и первичная помощь","Детские программы"
"184","ru","Медицина, здоровье и уход","Семейная медицина и первичная помощь","Корпоративные программы здоровья"
"185","ru","Медицина, здоровье и уход","Семейная медицина и первичная помощь","Реабилитация"
"186","ru","Медицина, здоровье и уход","Urgent Care и неотложная амбулаторная помощь","Walk-in clinic"
"187","ru","Медицина, здоровье и уход","Urgent Care и неотложная амбулаторная помощь","Urgent care для взрослых"
"188","ru","Медицина, здоровье и уход","Urgent Care и неотложная амбулаторная помощь","Urgent care для детей"
"189","ru","Медицина, здоровье и уход","Urgent Care и неотложная амбулаторная помощь","Лечение травм без госпитализации"
"190","ru","Медицина, здоровье и уход","Urgent Care и неотложная амбулаторная помощь","Лечение инфекций и простудных заболеваний"
"191","ru","Медицина, здоровье и уход","Urgent Care и неотложная амбулаторная помощь","Наложение швов"
"192","ru","Медицина, здоровье и уход","Urgent Care и неотложная амбулаторная помощь","Рентген при неотложных состояниях"
"193","ru","Медицина, здоровье и уход","Urgent Care и неотложная амбулаторная помощь","Экспресс-анализы"
"194","ru","Медицина, здоровье и уход","Urgent Care и неотложная амбулаторная помощь","Вакцинация"
"195","ru","Медицина, здоровье и уход","Urgent Care и неотложная амбулаторная помощь","Медицинские справки"
"196","ru","Медицина, здоровье и уход","Urgent Care и неотложная амбулаторная помощь","Occupational health"
"197","ru","Медицина, здоровье и уход","Urgent Care и неотложная амбулаторная помощь","Телемедицинская срочная консультация"
"198","ru","Медицина, здоровье и уход","Стоматология","Общая стоматология"
"199","ru","Медицина, здоровье и уход","Стоматология","Профессиональная гигиена"
"200","ru","Медицина, здоровье и уход","Стоматология","Лечение кариеса"
"201","ru","Медицина, здоровье и уход","Стоматология","Эндодонтия"
"202","ru","Медицина, здоровье и уход","Стоматология","Ортодонтия"
"203","ru","Медицина, здоровье и уход","Стоматология","Имплантация"
"204","ru","Медицина, здоровье и уход","Стоматология","Протезирование"
"205","ru","Медицина, здоровье и уход","Стоматология","Хирургическая стоматология"
"206","ru","Медицина, здоровье и уход","Стоматология","Пародонтология"
"207","ru","Медицина, здоровье и уход","Стоматология","Детская стоматология"
"208","ru","Медицина, здоровье и уход","Стоматология","Эстетическая стоматология"
"209","ru","Медицина, здоровье и уход","Стоматология","Отбеливание зубов"
"210","ru","Медицина, здоровье и уход","Стоматология","Неотложная стоматология"
"211","ru","Медицина, здоровье и уход","Стоматология","Рентген и 3D-диагностика"
"212","ru","Медицина, здоровье и уход","Стоматология","Седация и лечение под наркозом"
"213","ru","Медицина, здоровье и уход","Диагностическая визуализация","Первичная консультация"
"214","ru","Медицина, здоровье и уход","Диагностическая визуализация","Профилактический осмотр"
"215","ru","Медицина, здоровье и уход","Диагностическая визуализация","Диагностика"
"216","ru","Медицина, здоровье и уход","Диагностическая визуализация","Амбулаторное лечение"
"217","ru","Медицина, здоровье и уход","Диагностическая визуализация","Процедуры и манипуляции"
"218","ru","Медицина, здоровье и уход","Диагностическая визуализация","Второе медицинское мнение"
"219","ru","Медицина, здоровье и уход","Диагностическая визуализация","Телемедицина"
"220","ru","Медицина, здоровье и уход","Диагностическая визуализация","Детские программы"
"221","ru","Медицина, здоровье и уход","Диагностическая визуализация","Корпоративные программы здоровья"
"222","ru","Медицина, здоровье и уход","Диагностическая визуализация","Реабилитация"
"223","ru","Медицина, здоровье и уход","Медицинские лаборатории","Первичная консультация"
"224","ru","Медицина, здоровье и уход","Медицинские лаборатории","Профилактический осмотр"
"225","ru","Медицина, здоровье и уход","Медицинские лаборатории","Диагностика"
"226","ru","Медицина, здоровье и уход","Медицинские лаборатории","Амбулаторное лечение"
"227","ru","Медицина, здоровье и уход","Медицинские лаборатории","Процедуры и манипуляции"
"228","ru","Медицина, здоровье и уход","Медицинские лаборатории","Второе медицинское мнение"
"229","ru","Медицина, здоровье и уход","Медицинские лаборатории","Телемедицина"
"230","ru","Медицина, здоровье и уход","Медицинские лаборатории","Детские программы"
"231","ru","Медицина, здоровье и уход","Медицинские лаборатории","Корпоративные программы здоровья"
"232","ru","Медицина, здоровье и уход","Медицинские лаборатории","Реабилитация"
"233","ru","Медицина, здоровье и уход","Педиатрия","Первичная консультация"
"234","ru","Медицина, здоровье и уход","Педиатрия","Профилактический осмотр"
"235","ru","Медицина, здоровье и уход","Педиатрия","Диагностика"
"236","ru","Медицина, здоровье и уход","Педиатрия","Амбулаторное лечение"
"237","ru","Медицина, здоровье и уход","Педиатрия","Процедуры и манипуляции"
"238","ru","Медицина, здоровье и уход","Педиатрия","Второе медицинское мнение"
"239","ru","Медицина, здоровье и уход","Педиатрия","Телемедицина"
"240","ru","Медицина, здоровье и уход","Педиатрия","Детские программы"
"241","ru","Медицина, здоровье и уход","Педиатрия","Корпоративные программы здоровья"
"242","ru","Медицина, здоровье и уход","Педиатрия","Реабилитация"
"243","ru","Медицина, здоровье и уход","Гинекология и репродуктивное здоровье","Первичная консультация"
"244","ru","Медицина, здоровье и уход","Гинекология и репродуктивное здоровье","Профилактический осмотр"
"245","ru","Медицина, здоровье и уход","Гинекология и репродуктивное здоровье","Диагностика"
"246","ru","Медицина, здоровье и уход","Гинекология и репродуктивное здоровье","Амбулаторное лечение"
"247","ru","Медицина, здоровье и уход","Гинекология и репродуктивное здоровье","Процедуры и манипуляции"
"248","ru","Медицина, здоровье и уход","Гинекология и репродуктивное здоровье","Второе медицинское мнение"
"249","ru","Медицина, здоровье и уход","Гинекология и репродуктивное здоровье","Телемедицина"
"250","ru","Медицина, здоровье и уход","Гинекология и репродуктивное здоровье","Детские программы"
"251","ru","Медицина, здоровье и уход","Гинекология и репродуктивное здоровье","Корпоративные программы здоровья"
"252","ru","Медицина, здоровье и уход","Гинекология и репродуктивное здоровье","Реабилитация"
"253","ru","Медицина, здоровье и уход","Урология и мужское здоровье","Первичная консультация"
"254","ru","Медицина, здоровье и уход","Урология и мужское здоровье","Профилактический осмотр"
"255","ru","Медицина, здоровье и уход","Урология и мужское здоровье","Диагностика"
"256","ru","Медицина, здоровье и уход","Урология и мужское здоровье","Амбулаторное лечение"
"257","ru","Медицина, здоровье и уход","Урология и мужское здоровье","Процедуры и манипуляции"
"258","ru","Медицина, здоровье и уход","Урология и мужское здоровье","Второе медицинское мнение"
"259","ru","Медицина, здоровье и уход","Урология и мужское здоровье","Телемедицина"
"260","ru","Медицина, здоровье и уход","Урология и мужское здоровье","Детские программы"
"261","ru","Медицина, здоровье и уход","Урология и мужское здоровье","Корпоративные программы здоровья"
"262","ru","Медицина, здоровье и уход","Урология и мужское здоровье","Реабилитация"
"263","ru","Медицина, здоровье и уход","Кардиология","Первичная консультация"
"264","ru","Медицина, здоровье и уход","Кардиология","Профилактический осмотр"
"265","ru","Медицина, здоровье и уход","Кардиология","Диагностика"
"266","ru","Медицина, здоровье и уход","Кардиология","Амбулаторное лечение"
"267","ru","Медицина, здоровье и уход","Кардиология","Процедуры и манипуляции"
"268","ru","Медицина, здоровье и уход","Кардиология","Второе медицинское мнение"
"269","ru","Медицина, здоровье и уход","Кардиология","Телемедицина"
"270","ru","Медицина, здоровье и уход","Кардиология","Детские программы"
"271","ru","Медицина, здоровье и уход","Кардиология","Корпоративные программы здоровья"
"272","ru","Медицина, здоровье и уход","Кардиология","Реабилитация"
"273","ru","Медицина, здоровье и уход","Неврология","Первичная консультация"
"274","ru","Медицина, здоровье и уход","Неврология","Профилактический осмотр"
"275","ru","Медицина, здоровье и уход","Неврология","Диагностика"
"276","ru","Медицина, здоровье и уход","Неврология","Амбулаторное лечение"
"277","ru","Медицина, здоровье и уход","Неврология","Процедуры и манипуляции"
"278","ru","Медицина, здоровье и уход","Неврология","Второе медицинское мнение"
"279","ru","Медицина, здоровье и уход","Неврология","Телемедицина"
"280","ru","Медицина, здоровье и уход","Неврология","Детские программы"
"281","ru","Медицина, здоровье и уход","Неврология","Корпоративные программы здоровья"
"282","ru","Медицина, здоровье и уход","Неврология","Реабилитация"
"283","ru","Медицина, здоровье и уход","Офтальмология и оптика","Проверка зрения"
"284","ru","Медицина, здоровье и уход","Офтальмология и оптика","Подбор очков"
"285","ru","Медицина, здоровье и уход","Офтальмология и оптика","Подбор контактных линз"
"286","ru","Медицина, здоровье и уход","Офтальмология и оптика","Детская офтальмология"
"287","ru","Медицина, здоровье и уход","Офтальмология и оптика","Лечение заболеваний глаз"
"288","ru","Медицина, здоровье и уход","Офтальмология и оптика","Хирургия глаза"
"289","ru","Медицина, здоровье и уход","Офтальмология и оптика","Лазерная коррекция зрения"
"290","ru","Медицина, здоровье и уход","Офтальмология и оптика","Оптика и продажа линз"
"291","ru","Медицина, здоровье и уход","Офтальмология и оптика","Первичная консультация"
"292","ru","Медицина, здоровье и уход","Офтальмология и оптика","Профилактический осмотр"
"293","ru","Медицина, здоровье и уход","Ортопедия и травматология","Первичная консультация"
"294","ru","Медицина, здоровье и уход","Ортопедия и травматология","Профилактический осмотр"
"295","ru","Медицина, здоровье и уход","Ортопедия и травматология","Диагностика"
"296","ru","Медицина, здоровье и уход","Ортопедия и травматология","Амбулаторное лечение"
"297","ru","Медицина, здоровье и уход","Ортопедия и травматология","Процедуры и манипуляции"
"298","ru","Медицина, здоровье и уход","Ортопедия и травматология","Второе медицинское мнение"
"299","ru","Медицина, здоровье и уход","Ортопедия и травматология","Телемедицина"
"300","ru","Медицина, здоровье и уход","Ортопедия и травматология","Детские программы"
"301","ru","Медицина, здоровье и уход","Ортопедия и травматология","Корпоративные программы здоровья"
"302","ru","Медицина, здоровье и уход","Ортопедия и травматология","Реабилитация"
"303","ru","Медицина, здоровье и уход","Дерматология","Первичная консультация"
"304","ru","Медицина, здоровье и уход","Дерматология","Профилактический осмотр"
"305","ru","Медицина, здоровье и уход","Дерматология","Диагностика"
"306","ru","Медицина, здоровье и уход","Дерматология","Амбулаторное лечение"
"307","ru","Медицина, здоровье и уход","Дерматология","Процедуры и манипуляции"
"308","ru","Медицина, здоровье и уход","Дерматология","Второе медицинское мнение"
"309","ru","Медицина, здоровье и уход","Дерматология","Телемедицина"
"310","ru","Медицина, здоровье и уход","Дерматология","Детские программы"
"311","ru","Медицина, здоровье и уход","Дерматология","Корпоративные программы здоровья"
"312","ru","Медицина, здоровье и уход","Дерматология","Реабилитация"
"313","ru","Медицина, здоровье и уход","Психическое здоровье и психотерапия","Индивидуальная психотерапия"
"314","ru","Медицина, здоровье и уход","Психическое здоровье и психотерапия","Семейная терапия"
"315","ru","Медицина, здоровье и уход","Психическое здоровье и психотерапия","Терапия для пар"
"316","ru","Медицина, здоровье и уход","Психическое здоровье и психотерапия","Детский психолог"
"317","ru","Медицина, здоровье и уход","Психическое здоровье и психотерапия","Подростковая психотерапия"
"318","ru","Медицина, здоровье и уход","Психическое здоровье и психотерапия","Психиатрическая консультация"
"319","ru","Медицина, здоровье и уход","Психическое здоровье и психотерапия","Лечение тревожных расстройств"
"320","ru","Медицина, здоровье и уход","Психическое здоровье и психотерапия","Лечение депрессии"
"321","ru","Медицина, здоровье и уход","Психическое здоровье и психотерапия","Травма и PTSD"
"322","ru","Медицина, здоровье и уход","Психическое здоровье и психотерапия","Зависимости"
"323","ru","Медицина, здоровье и уход","Психическое здоровье и психотерапия","Кризисная психологическая помощь"
"324","ru","Медицина, здоровье и уход","Психическое здоровье и психотерапия","Онлайн-психотерапия"
"325","ru","Медицина, здоровье и уход","Психическое здоровье и психотерапия","Корпоративные программы mental health"
"326","ru","Красота, спорт и восстановление","Салоны красоты","Индивидуальная услуга"
"327","ru","Красота, спорт и восстановление","Салоны красоты","Комплексная программа"
"328","ru","Красота, спорт и восстановление","Салоны красоты","Экспресс-услуга"
"329","ru","Красота, спорт и восстановление","Салоны красоты","Персональное сопровождение"
"330","ru","Красота, спорт и восстановление","Салоны красоты","Групповые занятия"
"331","ru","Красота, спорт и восстановление","Салоны красоты","Услуги для мужчин"
"332","ru","Красота, спорт и восстановление","Салоны красоты","Услуги для женщин"
"333","ru","Красота, спорт и восстановление","Салоны красоты","Детские программы"
"334","ru","Красота, спорт и восстановление","Салоны красоты","Выездное обслуживание"
"335","ru","Красота, спорт и восстановление","Салоны красоты","Онлайн-формат"
"336","ru","Красота, спорт и восстановление","Парикмахерские","Индивидуальная услуга"
"337","ru","Красота, спорт и восстановление","Парикмахерские","Комплексная программа"
"338","ru","Красота, спорт и восстановление","Парикмахерские","Экспресс-услуга"
"339","ru","Красота, спорт и восстановление","Парикмахерские","Персональное сопровождение"
"340","ru","Красота, спорт и восстановление","Парикмахерские","Групповые занятия"
"341","ru","Красота, спорт и восстановление","Парикмахерские","Услуги для мужчин"
"342","ru","Красота, спорт и восстановление","Парикмахерские","Услуги для женщин"
"343","ru","Красота, спорт и восстановление","Парикмахерские","Детские программы"
"344","ru","Красота, спорт и восстановление","Парикмахерские","Выездное обслуживание"
"345","ru","Красота, спорт и восстановление","Парикмахерские","Онлайн-формат"
"346","ru","Красота, спорт и восстановление","Барбершопы","Индивидуальная услуга"
"347","ru","Красота, спорт и восстановление","Барбершопы","Комплексная программа"
"348","ru","Красота, спорт и восстановление","Барбершопы","Экспресс-услуга"
"349","ru","Красота, спорт и восстановление","Барбершопы","Персональное сопровождение"
"350","ru","Красота, спорт и восстановление","Барбершопы","Групповые занятия"
"351","ru","Красота, спорт и восстановление","Барбершопы","Услуги для мужчин"
"352","ru","Красота, спорт и восстановление","Барбершопы","Услуги для женщин"
"353","ru","Красота, спорт и восстановление","Барбершопы","Детские программы"
"354","ru","Красота, спорт и восстановление","Барбершопы","Выездное обслуживание"
"355","ru","Красота, спорт и восстановление","Барбершопы","Онлайн-формат"
"356","ru","Красота, спорт и восстановление","Косметология и эстетическая медицина","Уход за лицом"
"357","ru","Красота, спорт и восстановление","Косметология и эстетическая медицина","Чистка лица"
"358","ru","Красота, спорт и восстановление","Косметология и эстетическая медицина","Пилинги"
"359","ru","Красота, спорт и восстановление","Косметология и эстетическая медицина","Инъекционная косметология"
"360","ru","Красота, спорт и восстановление","Косметология и эстетическая медицина","Аппаратная косметология"
"361","ru","Красота, спорт и восстановление","Косметология и эстетическая медицина","Лазерные процедуры"
"362","ru","Красота, спорт и восстановление","Косметология и эстетическая медицина","Контурная пластика"
"363","ru","Красота, спорт и восстановление","Косметология и эстетическая медицина","Омоложение кожи"
"364","ru","Красота, спорт и восстановление","Косметология и эстетическая медицина","Лечение акне"
"365","ru","Красота, спорт и восстановление","Косметология и эстетическая медицина","Индивидуальная услуга"
"366","ru","Красота, спорт и восстановление","Маникюр и педикюр","Индивидуальная услуга"
"367","ru","Красота, спорт и восстановление","Маникюр и педикюр","Комплексная программа"
"368","ru","Красота, спорт и восстановление","Маникюр и педикюр","Экспресс-услуга"
"369","ru","Красота, спорт и восстановление","Маникюр и педикюр","Персональное сопровождение"
"370","ru","Красота, спорт и восстановление","Маникюр и педикюр","Групповые занятия"
"371","ru","Красота, спорт и восстановление","Маникюр и педикюр","Услуги для мужчин"
"372","ru","Красота, спорт и восстановление","Маникюр и педикюр","Услуги для женщин"
"373","ru","Красота, спорт и восстановление","Маникюр и педикюр","Детские программы"
"374","ru","Красота, спорт и восстановление","Маникюр и педикюр","Выездное обслуживание"
"375","ru","Красота, спорт и восстановление","Маникюр и педикюр","Онлайн-формат"
"376","ru","Красота, спорт и восстановление","СПА и велнес","Индивидуальная услуга"
"377","ru","Красота, спорт и восстановление","СПА и велнес","Комплексная программа"
"378","ru","Красота, спорт и восстановление","СПА и велнес","Экспресс-услуга"
"379","ru","Красота, спорт и восстановление","СПА и велнес","Персональное сопровождение"
"380","ru","Красота, спорт и восстановление","СПА и велнес","Групповые занятия"
"381","ru","Красота, спорт и восстановление","СПА и велнес","Услуги для мужчин"
"382","ru","Красота, спорт и восстановление","СПА и велнес","Услуги для женщин"
"383","ru","Красота, спорт и восстановление","СПА и велнес","Детские программы"
"384","ru","Красота, спорт и восстановление","СПА и велнес","Выездное обслуживание"
"385","ru","Красота, спорт и восстановление","СПА и велнес","Онлайн-формат"
"386","ru","Красота, спорт и восстановление","Массаж","Индивидуальная услуга"
"387","ru","Красота, спорт и восстановление","Массаж","Комплексная программа"
"388","ru","Красота, спорт и восстановление","Массаж","Экспресс-услуга"
"389","ru","Красота, спорт и восстановление","Массаж","Персональное сопровождение"
"390","ru","Красота, спорт и восстановление","Массаж","Групповые занятия"
"391","ru","Красота, спорт и восстановление","Массаж","Услуги для мужчин"
"392","ru","Красота, спорт и восстановление","Массаж","Услуги для женщин"
"393","ru","Красота, спорт и восстановление","Массаж","Детские программы"
"394","ru","Красота, спорт и восстановление","Массаж","Выездное обслуживание"
"395","ru","Красота, спорт и восстановление","Массаж","Онлайн-формат"
"396","ru","Красота, спорт и восстановление","Фитнес-клубы","Тренажерный зал"
"397","ru","Красота, спорт и восстановление","Фитнес-клубы","Групповые тренировки"
"398","ru","Красота, спорт и восстановление","Фитнес-клубы","Функциональный тренинг"
"399","ru","Красота, спорт и восстановление","Фитнес-клубы","Силовые тренировки"
"400","ru","Красота, спорт и восстановление","Фитнес-клубы","Кардиотренировки"
"401","ru","Красота, спорт и восстановление","Фитнес-клубы","Снижение веса"
"402","ru","Красота, спорт и восстановление","Фитнес-клубы","Детский фитнес"
"403","ru","Красота, спорт и восстановление","Фитнес-клубы","Корпоративный фитнес"
"404","ru","Красота, спорт и восстановление","Фитнес-клубы","Онлайн-тренировки"
"405","ru","Красота, спорт и восстановление","Фитнес-клубы","Индивидуальная услуга"
"406","ru","Красота, спорт и восстановление","Персональные тренеры","Индивидуальная услуга"
"407","ru","Красота, спорт и восстановление","Персональные тренеры","Комплексная программа"
"408","ru","Красота, спорт и восстановление","Персональные тренеры","Экспресс-услуга"
"409","ru","Красота, спорт и восстановление","Персональные тренеры","Персональное сопровождение"
"410","ru","Красота, спорт и восстановление","Персональные тренеры","Групповые занятия"
"411","ru","Красота, спорт и восстановление","Персональные тренеры","Услуги для мужчин"
"412","ru","Красота, спорт и восстановление","Персональные тренеры","Услуги для женщин"
"413","ru","Красота, спорт и восстановление","Персональные тренеры","Детские программы"
"414","ru","Красота, спорт и восстановление","Персональные тренеры","Выездное обслуживание"
"415","ru","Красота, спорт и восстановление","Персональные тренеры","Онлайн-формат"
"416","ru","Красота, спорт и восстановление","Йога и пилатес","Индивидуальная услуга"
"417","ru","Красота, спорт и восстановление","Йога и пилатес","Комплексная программа"
"418","ru","Красота, спорт и восстановление","Йога и пилатес","Экспресс-услуга"
"419","ru","Красота, спорт и восстановление","Йога и пилатес","Персональное сопровождение"
"420","ru","Красота, спорт и восстановление","Йога и пилатес","Групповые занятия"
"421","ru","Красота, спорт и восстановление","Йога и пилатес","Услуги для мужчин"
"422","ru","Красота, спорт и восстановление","Йога и пилатес","Услуги для женщин"
"423","ru","Красота, спорт и восстановление","Йога и пилатес","Детские программы"
"424","ru","Красота, спорт и восстановление","Йога и пилатес","Выездное обслуживание"
"425","ru","Красота, спорт и восстановление","Йога и пилатес","Онлайн-формат"
"426","ru","Красота, спорт и восстановление","Танцевальные студии","Индивидуальная услуга"
"427","ru","Красота, спорт и восстановление","Танцевальные студии","Комплексная программа"
"428","ru","Красота, спорт и восстановление","Танцевальные студии","Экспресс-услуга"
"429","ru","Красота, спорт и восстановление","Танцевальные студии","Персональное сопровождение"
"430","ru","Красота, спорт и восстановление","Танцевальные студии","Групповые занятия"
"431","ru","Красота, спорт и восстановление","Танцевальные студии","Услуги для мужчин"
"432","ru","Красота, спорт и восстановление","Танцевальные студии","Услуги для женщин"
"433","ru","Красота, спорт и восстановление","Танцевальные студии","Детские программы"
"434","ru","Красота, спорт и восстановление","Танцевальные студии","Выездное обслуживание"
"435","ru","Красота, спорт и восстановление","Танцевальные студии","Онлайн-формат"
"436","ru","Красота, спорт и восстановление","Реабилитация и физиотерапия","Индивидуальная услуга"
"437","ru","Красота, спорт и восстановление","Реабилитация и физиотерапия","Комплексная программа"
"438","ru","Красота, спорт и восстановление","Реабилитация и физиотерапия","Экспресс-услуга"
"439","ru","Красота, спорт и восстановление","Реабилитация и физиотерапия","Персональное сопровождение"
"440","ru","Красота, спорт и восстановление","Реабилитация и физиотерапия","Групповые занятия"
"441","ru","Красота, спорт и восстановление","Реабилитация и физиотерапия","Услуги для мужчин"
"442","ru","Красота, спорт и восстановление","Реабилитация и физиотерапия","Услуги для женщин"
"443","ru","Красота, спорт и восстановление","Реабилитация и физиотерапия","Детские программы"
"444","ru","Красота, спорт и восстановление","Реабилитация и физиотерапия","Выездное обслуживание"
"445","ru","Красота, спорт и восстановление","Реабилитация и физиотерапия","Онлайн-формат"
"446","ru","Недвижимость, строительство и дом","Агентства недвижимости","Продажа жилой недвижимости"
"447","ru","Недвижимость, строительство и дом","Агентства недвижимости","Покупка жилой недвижимости"
"448","ru","Недвижимость, строительство и дом","Агентства недвижимости","Аренда жилой недвижимости"
"449","ru","Недвижимость, строительство и дом","Агентства недвижимости","Коммерческая недвижимость"
"450","ru","Недвижимость, строительство и дом","Агентства недвижимости","Новостройки"
"451","ru","Недвижимость, строительство и дом","Агентства недвижимости","Загородная недвижимость"
"452","ru","Недвижимость, строительство и дом","Агентства недвижимости","Земельные участки"
"453","ru","Недвижимость, строительство и дом","Агентства недвижимости","Инвестиционная недвижимость"
"454","ru","Недвижимость, строительство и дом","Агентства недвижимости","Международная недвижимость"
"455","ru","Недвижимость, строительство и дом","Агентства недвижимости","Элитная недвижимость"
"456","ru","Недвижимость, строительство и дом","Управление недвижимостью","Консультация и оценка"
"457","ru","Недвижимость, строительство и дом","Управление недвижимостью","Проектирование"
"458","ru","Недвижимость, строительство и дом","Управление недвижимостью","Монтаж"
"459","ru","Недвижимость, строительство и дом","Управление недвижимостью","Ремонт"
"460","ru","Недвижимость, строительство и дом","Управление недвижимостью","Реконструкция"
"461","ru","Недвижимость, строительство и дом","Управление недвижимостью","Техническое обслуживание"
"462","ru","Недвижимость, строительство и дом","Управление недвижимостью","Аварийный выезд"
"463","ru","Недвижимость, строительство и дом","Управление недвижимостью","Работы под ключ"
"464","ru","Недвижимость, строительство и дом","Управление недвижимостью","Жилые объекты"
"465","ru","Недвижимость, строительство и дом","Управление недвижимостью","Коммерческие объекты"
"466","ru","Недвижимость, строительство и дом","Девелопмент и инвестиционные проекты","Консультация и оценка"
"467","ru","Недвижимость, строительство и дом","Девелопмент и инвестиционные проекты","Проектирование"
"468","ru","Недвижимость, строительство и дом","Девелопмент и инвестиционные проекты","Монтаж"
"469","ru","Недвижимость, строительство и дом","Девелопмент и инвестиционные проекты","Ремонт"
"470","ru","Недвижимость, строительство и дом","Девелопмент и инвестиционные проекты","Реконструкция"
"471","ru","Недвижимость, строительство и дом","Девелопмент и инвестиционные проекты","Техническое обслуживание"
"472","ru","Недвижимость, строительство и дом","Девелопмент и инвестиционные проекты","Аварийный выезд"
"473","ru","Недвижимость, строительство и дом","Девелопмент и инвестиционные проекты","Работы под ключ"
"474","ru","Недвижимость, строительство и дом","Девелопмент и инвестиционные проекты","Жилые объекты"
"475","ru","Недвижимость, строительство и дом","Девелопмент и инвестиционные проекты","Коммерческие объекты"
"476","ru","Недвижимость, строительство и дом","Девелопмент и инвестиционные проекты","Промышленные объекты"
"477","ru","Недвижимость, строительство и дом","Девелопмент и инвестиционные проекты","Авторский или технический надзор"
"478","ru","Недвижимость, строительство и дом","Генеральные строительные подрядчики","Консультация и оценка"
"479","ru","Недвижимость, строительство и дом","Генеральные строительные подрядчики","Проектирование"
"480","ru","Недвижимость, строительство и дом","Генеральные строительные подрядчики","Монтаж"
"481","ru","Недвижимость, строительство и дом","Генеральные строительные подрядчики","Ремонт"
"482","ru","Недвижимость, строительство и дом","Генеральные строительные подрядчики","Реконструкция"
"483","ru","Недвижимость, строительство и дом","Генеральные строительные подрядчики","Техническое обслуживание"
"484","ru","Недвижимость, строительство и дом","Генеральные строительные подрядчики","Аварийный выезд"
"485","ru","Недвижимость, строительство и дом","Генеральные строительные подрядчики","Работы под ключ"
"486","ru","Недвижимость, строительство и дом","Генеральные строительные подрядчики","Жилые объекты"
"487","ru","Недвижимость, строительство и дом","Генеральные строительные подрядчики","Коммерческие объекты"
"488","ru","Недвижимость, строительство и дом","Архитектура и проектирование","Консультация и оценка"
"489","ru","Недвижимость, строительство и дом","Архитектура и проектирование","Проектирование"
"490","ru","Недвижимость, строительство и дом","Архитектура и проектирование","Монтаж"
"491","ru","Недвижимость, строительство и дом","Архитектура и проектирование","Ремонт"
"492","ru","Недвижимость, строительство и дом","Архитектура и проектирование","Реконструкция"
"493","ru","Недвижимость, строительство и дом","Архитектура и проектирование","Техническое обслуживание"
"494","ru","Недвижимость, строительство и дом","Архитектура и проектирование","Аварийный выезд"
"495","ru","Недвижимость, строительство и дом","Архитектура и проектирование","Работы под ключ"
"496","ru","Недвижимость, строительство и дом","Архитектура и проектирование","Жилые объекты"
"497","ru","Недвижимость, строительство и дом","Архитектура и проектирование","Коммерческие объекты"
"498","ru","Недвижимость, строительство и дом","Дизайн интерьера","Фирменный стиль"
"499","ru","Недвижимость, строительство и дом","Дизайн интерьера","Логотип"
"500","ru","Недвижимость, строительство и дом","Дизайн интерьера","Брендбук"
"501","ru","Недвижимость, строительство и дом","Дизайн интерьера","Графический дизайн"
"502","ru","Недвижимость, строительство и дом","Дизайн интерьера","Веб-дизайн"
"503","ru","Недвижимость, строительство и дом","Дизайн интерьера","Дизайн упаковки"
"504","ru","Недвижимость, строительство и дом","Дизайн интерьера","Рекламные материалы"
"505","ru","Недвижимость, строительство и дом","Дизайн интерьера","Презентации"
"506","ru","Недвижимость, строительство и дом","Дизайн интерьера","UX/UI-дизайн"
"507","ru","Недвижимость, строительство и дом","Дизайн интерьера","Консультация и оценка"
"508","ru","Недвижимость, строительство и дом","Ремонт и отделка","Консультация и оценка"
"509","ru","Недвижимость, строительство и дом","Ремонт и отделка","Проектирование"
"510","ru","Недвижимость, строительство и дом","Ремонт и отделка","Монтаж"
"511","ru","Недвижимость, строительство и дом","Ремонт и отделка","Ремонт"
"512","ru","Недвижимость, строительство и дом","Ремонт и отделка","Реконструкция"
"513","ru","Недвижимость, строительство и дом","Ремонт и отделка","Техническое обслуживание"
"514","ru","Недвижимость, строительство и дом","Ремонт и отделка","Аварийный выезд"
"515","ru","Недвижимость, строительство и дом","Ремонт и отделка","Работы под ключ"
"516","ru","Недвижимость, строительство и дом","Ремонт и отделка","Жилые объекты"
"517","ru","Недвижимость, строительство и дом","Ремонт и отделка","Коммерческие объекты"
"518","ru","Недвижимость, строительство и дом","Электрики","Монтаж электропроводки"
"519","ru","Недвижимость, строительство и дом","Электрики","Ремонт электропроводки"
"520","ru","Недвижимость, строительство и дом","Электрики","Электрощиты"
"521","ru","Недвижимость, строительство и дом","Электрики","Освещение"
"522","ru","Недвижимость, строительство и дом","Электрики","Аварийный электрик"
"523","ru","Недвижимость, строительство и дом","Электрики","Коммерческие объекты"
"524","ru","Недвижимость, строительство и дом","Электрики","Промышленные электромонтажные работы"
"525","ru","Недвижимость, строительство и дом","Электрики","Зарядные станции EV"
"526","ru","Недвижимость, строительство и дом","Электрики","Smart home"
"527","ru","Недвижимость, строительство и дом","Электрики","Консультация и оценка"
"528","ru","Недвижимость, строительство и дом","Сантехники","Устранение протечек"
"529","ru","Недвижимость, строительство и дом","Сантехники","Монтаж труб"
"530","ru","Недвижимость, строительство и дом","Сантехники","Ремонт канализации"
"531","ru","Недвижимость, строительство и дом","Сантехники","Прочистка канализации"
"532","ru","Недвижимость, строительство и дом","Сантехники","Установка сантехники"
"533","ru","Недвижимость, строительство и дом","Сантехники","Водонагреватели"
"534","ru","Недвижимость, строительство и дом","Сантехники","Аварийный сантехник"
"535","ru","Недвижимость, строительство и дом","Сантехники","Коммерческая сантехника"
"536","ru","Недвижимость, строительство и дом","Сантехники","Leak detection"
"537","ru","Недвижимость, строительство и дом","Сантехники","Консультация и оценка"
"538","ru","Недвижимость, строительство и дом","HVAC: отопление, вентиляция и кондиционирование","Монтаж кондиционеров"
"539","ru","Недвижимость, строительство и дом","HVAC: отопление, вентиляция и кондиционирование","Ремонт кондиционеров"
"540","ru","Недвижимость, строительство и дом","HVAC: отопление, вентиляция и кондиционирование","Монтаж отопления"
"541","ru","Недвижимость, строительство и дом","HVAC: отопление, вентиляция и кондиционирование","Ремонт отопления"
"542","ru","Недвижимость, строительство и дом","HVAC: отопление, вентиляция и кондиционирование","Вентиляция"
"543","ru","Недвижимость, строительство и дом","HVAC: отопление, вентиляция и кондиционирование","Тепловые насосы"
"544","ru","Недвижимость, строительство и дом","HVAC: отопление, вентиляция и кондиционирование","Обслуживание HVAC"
"545","ru","Недвижимость, строительство и дом","HVAC: отопление, вентиляция и кондиционирование","Коммерческие HVAC-системы"
"546","ru","Недвижимость, строительство и дом","HVAC: отопление, вентиляция и кондиционирование","Emergency HVAC"
"547","ru","Недвижимость, строительство и дом","HVAC: отопление, вентиляция и кондиционирование","Консультация и оценка"
"548","ru","Недвижимость, строительство и дом","Кровельные работы","Консультация и оценка"
"549","ru","Недвижимость, строительство и дом","Кровельные работы","Проектирование"
"550","ru","Недвижимость, строительство и дом","Кровельные работы","Монтаж"
"551","ru","Недвижимость, строительство и дом","Кровельные работы","Ремонт"
"552","ru","Недвижимость, строительство и дом","Кровельные работы","Реконструкция"
"553","ru","Недвижимость, строительство и дом","Кровельные работы","Техническое обслуживание"
"554","ru","Недвижимость, строительство и дом","Кровельные работы","Аварийный выезд"
"555","ru","Недвижимость, строительство и дом","Кровельные работы","Работы под ключ"
"556","ru","Недвижимость, строительство и дом","Кровельные работы","Жилые объекты"
"557","ru","Недвижимость, строительство и дом","Кровельные работы","Коммерческие объекты"
"558","ru","Недвижимость, строительство и дом","Окна, двери и стекло","Консультация и оценка"
"559","ru","Недвижимость, строительство и дом","Окна, двери и стекло","Проектирование"
"560","ru","Недвижимость, строительство и дом","Окна, двери и стекло","Монтаж"
"561","ru","Недвижимость, строительство и дом","Окна, двери и стекло","Ремонт"
"562","ru","Недвижимость, строительство и дом","Окна, двери и стекло","Реконструкция"
"563","ru","Недвижимость, строительство и дом","Окна, двери и стекло","Техническое обслуживание"
"564","ru","Недвижимость, строительство и дом","Окна, двери и стекло","Аварийный выезд"
"565","ru","Недвижимость, строительство и дом","Окна, двери и стекло","Работы под ключ"
"566","ru","Недвижимость, строительство и дом","Окна, двери и стекло","Жилые объекты"
"567","ru","Недвижимость, строительство и дом","Окна, двери и стекло","Коммерческие объекты"
"568","ru","Недвижимость, строительство и дом","Столярные и плотницкие работы","Консультация и оценка"
"569","ru","Недвижимость, строительство и дом","Столярные и плотницкие работы","Проектирование"
"570","ru","Недвижимость, строительство и дом","Столярные и плотницкие работы","Монтаж"
"571","ru","Недвижимость, строительство и дом","Столярные и плотницкие работы","Ремонт"
"572","ru","Недвижимость, строительство и дом","Столярные и плотницкие работы","Реконструкция"
"573","ru","Недвижимость, строительство и дом","Столярные и плотницкие работы","Техническое обслуживание"
"574","ru","Недвижимость, строительство и дом","Столярные и плотницкие работы","Аварийный выезд"
"575","ru","Недвижимость, строительство и дом","Столярные и плотницкие работы","Работы под ключ"
"576","ru","Недвижимость, строительство и дом","Столярные и плотницкие работы","Жилые объекты"
"577","ru","Недвижимость, строительство и дом","Столярные и плотницкие работы","Коммерческие объекты"
"578","ru","Недвижимость, строительство и дом","Уборка и клининг","Уборка домов"
"579","ru","Недвижимость, строительство и дом","Уборка и клининг","Уборка квартир"
"580","ru","Недвижимость, строительство и дом","Уборка и клининг","Коммерческий клининг"
"581","ru","Недвижимость, строительство и дом","Уборка и клининг","Уборка после ремонта"
"582","ru","Недвижимость, строительство и дом","Уборка и клининг","Уборка офисов"
"583","ru","Недвижимость, строительство и дом","Уборка и клининг","Мойка окон"
"584","ru","Недвижимость, строительство и дом","Уборка и клининг","Химчистка мебели"
"585","ru","Недвижимость, строительство и дом","Уборка и клининг","Carpet cleaning"
"586","ru","Недвижимость, строительство и дом","Уборка и клининг","Airbnb cleaning"
"587","ru","Недвижимость, строительство и дом","Уборка и клининг","Move-in / move-out cleaning"
"588","ru","Недвижимость, строительство и дом","Ландшафт и обслуживание территории","Консультация и оценка"
"589","ru","Недвижимость, строительство и дом","Ландшафт и обслуживание территории","Проектирование"
"590","ru","Недвижимость, строительство и дом","Ландшафт и обслуживание территории","Монтаж"
"591","ru","Недвижимость, строительство и дом","Ландшафт и обслуживание территории","Ремонт"
"592","ru","Недвижимость, строительство и дом","Ландшафт и обслуживание территории","Реконструкция"
"593","ru","Недвижимость, строительство и дом","Ландшафт и обслуживание территории","Техническое обслуживание"
"594","ru","Недвижимость, строительство и дом","Ландшафт и обслуживание территории","Аварийный выезд"
"595","ru","Недвижимость, строительство и дом","Ландшафт и обслуживание территории","Работы под ключ"
"596","ru","Недвижимость, строительство и дом","Ландшафт и обслуживание территории","Жилые объекты"
"597","ru","Недвижимость, строительство и дом","Ландшафт и обслуживание территории","Коммерческие объекты"
"598","ru","Автомобили, транспорт и логистика","Автосервисы общего профиля","Плановое техническое обслуживание"
"599","ru","Автомобили, транспорт и логистика","Автосервисы общего профиля","Ремонт тормозной системы"
"600","ru","Автомобили, транспорт и логистика","Автосервисы общего профиля","Ремонт подвески"
"601","ru","Автомобили, транспорт и логистика","Автосервисы общего профиля","Ремонт рулевого управления"
"602","ru","Автомобили, транспорт и логистика","Автосервисы общего профиля","Ремонт выхлопной системы"
"603","ru","Автомобили, транспорт и логистика","Автосервисы общего профиля","Обслуживание кондиционеров"
"604","ru","Автомобили, транспорт и логистика","Автосервисы общего профиля","Компьютерная диагностика"
"605","ru","Автомобили, транспорт и логистика","Автосервисы общего профиля","Предпродажная проверка автомобиля"
"606","ru","Автомобили, транспорт и логистика","Автосервисы общего профиля","Обслуживание коммерческого транспорта"
"607","ru","Автомобили, транспорт и логистика","Автосервисы общего профиля","Мобильный механик"
"608","ru","Автомобили, транспорт и логистика","Автосервисы общего профиля","State / safety inspection"
"609","ru","Автомобили, транспорт и логистика","Автосервисы общего профиля","Обслуживание европейских автомобилей"
"610","ru","Автомобили, транспорт и логистика","Автосервисы общего профиля","Обслуживание американских автомобилей"
"611","ru","Автомобили, транспорт и логистика","Ремонт двигателей и трансмиссий","Ремонт бензиновых двигателей"
"612","ru","Автомобили, транспорт и логистика","Ремонт двигателей и трансмиссий","Ремонт дизельных двигателей"
"613","ru","Автомобили, транспорт и логистика","Ремонт двигателей и трансмиссий","Капитальный ремонт двигателя"
"614","ru","Автомобили, транспорт и логистика","Ремонт двигателей и трансмиссий","Ремонт автоматических коробок передач"
"615","ru","Автомобили, транспорт и логистика","Ремонт двигателей и трансмиссий","Ремонт механических коробок передач"
"616","ru","Автомобили, транспорт и логистика","Ремонт двигателей и трансмиссий","Ремонт CVT"
"617","ru","Автомобили, транспорт и логистика","Ремонт двигателей и трансмиссий","Ремонт раздаточных коробок"
"618","ru","Автомобили, транспорт и логистика","Ремонт двигателей и трансмиссий","Ремонт дифференциалов"
"619","ru","Автомобили, транспорт и логистика","Ремонт двигателей и трансмиссий","Диагностика двигателя"
"620","ru","Автомобили, транспорт и логистика","Ремонт двигателей и трансмиссий","Диагностика трансмиссии"
"621","ru","Автомобили, транспорт и логистика","Ремонт двигателей и трансмиссий","Замена двигателя"
"622","ru","Автомобили, транспорт и логистика","Ремонт двигателей и трансмиссий","Замена трансмиссии"
"623","ru","Автомобили, транспорт и логистика","Кузовной ремонт и Collision Center","Кузовной ремонт после ДТП"
"624","ru","Автомобили, транспорт и логистика","Кузовной ремонт и Collision Center","Покраска автомобиля"
"625","ru","Автомобили, транспорт и логистика","Кузовной ремонт и Collision Center","Ремонт бамперов"
"626","ru","Автомобили, транспорт и логистика","Кузовной ремонт и Collision Center","Удаление вмятин без покраски"
"627","ru","Автомобили, транспорт и логистика","Кузовной ремонт и Collision Center","Ремонт рамы и геометрии кузова"
"628","ru","Автомобили, транспорт и логистика","Кузовной ремонт и Collision Center","Замена автомобильного стекла"
"629","ru","Автомобили, транспорт и логистика","Кузовной ремонт и Collision Center","Ремонт после града"
"630","ru","Автомобили, транспорт и логистика","Кузовной ремонт и Collision Center","Страховой ремонт"
"631","ru","Автомобили, транспорт и логистика","Кузовной ремонт и Collision Center","Оценка ущерба"
"632","ru","Автомобили, транспорт и логистика","Кузовной ремонт и Collision Center","Реставрация классических автомобилей"
"633","ru","Автомобили, транспорт и логистика","Кузовной ремонт и Collision Center","Кузовной ремонт грузовиков"
"634","ru","Автомобили, транспорт и логистика","Шины и шиномонтаж","Диагностика"
"635","ru","Автомобили, транспорт и логистика","Шины и шиномонтаж","Плановое обслуживание"
"636","ru","Автомобили, транспорт и логистика","Шины и шиномонтаж","Ремонт"
"637","ru","Автомобили, транспорт и логистика","Шины и шиномонтаж","Продажа"
"638","ru","Автомобили, транспорт и логистика","Шины и шиномонтаж","Аренда"
"639","ru","Автомобили, транспорт и логистика","Шины и шиномонтаж","Срочная помощь"
"640","ru","Автомобили, транспорт и логистика","Шины и шиномонтаж","Корпоративное и fleet-обслуживание"
"641","ru","Автомобили, транспорт и логистика","Шины и шиномонтаж","Легковой транспорт"
"642","ru","Автомобили, транспорт и логистика","Шины и шиномонтаж","Коммерческий транспорт"
"643","ru","Автомобили, транспорт и логистика","Шины и шиномонтаж","Грузовой транспорт"
"644","ru","Автомобили, транспорт и логистика","Автоэлектрика и диагностика","Диагностика"
"645","ru","Автомобили, транспорт и логистика","Автоэлектрика и диагностика","Плановое обслуживание"
"646","ru","Автомобили, транспорт и логистика","Автоэлектрика и диагностика","Ремонт"
"647","ru","Автомобили, транспорт и логистика","Автоэлектрика и диагностика","Продажа"
"648","ru","Автомобили, транспорт и логистика","Автоэлектрика и диагностика","Аренда"
"649","ru","Автомобили, транспорт и логистика","Автоэлектрика и диагностика","Срочная помощь"
"650","ru","Автомобили, транспорт и логистика","Автоэлектрика и диагностика","Корпоративное и fleet-обслуживание"
"651","ru","Автомобили, транспорт и логистика","Автоэлектрика и диагностика","Легковой транспорт"
"652","ru","Автомобили, транспорт и логистика","Автоэлектрика и диагностика","Коммерческий транспорт"
"653","ru","Автомобили, транспорт и логистика","Автоэлектрика и диагностика","Грузовой транспорт"
"654","ru","Автомобили, транспорт и логистика","Замена масла и экспресс-обслуживание","Диагностика"
"655","ru","Автомобили, транспорт и логистика","Замена масла и экспресс-обслуживание","Плановое обслуживание"
"656","ru","Автомобили, транспорт и логистика","Замена масла и экспресс-обслуживание","Ремонт"
"657","ru","Автомобили, транспорт и логистика","Замена масла и экспресс-обслуживание","Продажа"
"658","ru","Автомобили, транспорт и логистика","Замена масла и экспресс-обслуживание","Аренда"
"659","ru","Автомобили, транспорт и логистика","Замена масла и экспресс-обслуживание","Срочная помощь"
"660","ru","Автомобили, транспорт и логистика","Замена масла и экспресс-обслуживание","Корпоративное и fleet-обслуживание"
"661","ru","Автомобили, транспорт и логистика","Замена масла и экспресс-обслуживание","Легковой транспорт"
"662","ru","Автомобили, транспорт и логистика","Замена масла и экспресс-обслуживание","Коммерческий транспорт"
"663","ru","Автомобили, транспорт и логистика","Замена масла и экспресс-обслуживание","Грузовой транспорт"
"664","ru","Автомобили, транспорт и логистика","Ремонт грузовиков и дизельной техники","Truck repair"
"665","ru","Автомобили, транспорт и логистика","Ремонт грузовиков и дизельной техники","Diesel engine repair"
"666","ru","Автомобили, транспорт и логистика","Ремонт грузовиков и дизельной техники","Ремонт тягачей"
"667","ru","Автомобили, транспорт и логистика","Ремонт грузовиков и дизельной техники","Ремонт прицепов"
"668","ru","Автомобили, транспорт и логистика","Ремонт грузовиков и дизельной техники","Mobile truck repair"
"669","ru","Автомобили, транспорт и логистика","Ремонт грузовиков и дизельной техники","Roadside truck assistance"
"670","ru","Автомобили, транспорт и логистика","Ремонт грузовиков и дизельной техники","Ремонт тормозов грузовиков"
"671","ru","Автомобили, транспорт и логистика","Ремонт грузовиков и дизельной техники","Ремонт трансмиссий грузовиков"
"672","ru","Автомобили, транспорт и логистика","Ремонт грузовиков и дизельной техники","DOT inspection"
"673","ru","Автомобили, транспорт и логистика","Ремонт грузовиков и дизельной техники","Fleet maintenance"
"674","ru","Автомобили, транспорт и логистика","Ремонт грузовиков и дизельной техники","Ремонт рефрижераторов"
"675","ru","Автомобили, транспорт и логистика","Ремонт грузовиков и дизельной техники","Ремонт строительной техники"
"676","ru","Автомобили, транспорт и логистика","Ремонт электромобилей и гибридов","Диагностика"
"677","ru","Автомобили, транспорт и логистика","Ремонт электромобилей и гибридов","Плановое обслуживание"
"678","ru","Автомобили, транспорт и логистика","Ремонт электромобилей и гибридов","Ремонт"
"679","ru","Автомобили, транспорт и логистика","Ремонт электромобилей и гибридов","Продажа"
"680","ru","Автомобили, транспорт и логистика","Ремонт электромобилей и гибридов","Аренда"
"681","ru","Автомобили, транспорт и логистика","Ремонт электромобилей и гибридов","Срочная помощь"
"682","ru","Автомобили, транспорт и логистика","Ремонт электромобилей и гибридов","Корпоративное и fleet-обслуживание"
"683","ru","Автомобили, транспорт и логистика","Ремонт электромобилей и гибридов","Легковой транспорт"
"684","ru","Автомобили, транспорт и логистика","Ремонт электромобилей и гибридов","Коммерческий транспорт"
"685","ru","Автомобили, транспорт и логистика","Ремонт электромобилей и гибридов","Грузовой транспорт"
"686","ru","Автомобили, транспорт и логистика","Автомойки и детейлинг","Диагностика"
"687","ru","Автомобили, транспорт и логистика","Автомойки и детейлинг","Плановое обслуживание"
"688","ru","Автомобили, транспорт и логистика","Автомойки и детейлинг","Ремонт"
"689","ru","Автомобили, транспорт и логистика","Автомойки и детейлинг","Продажа"
"690","ru","Автомобили, транспорт и логистика","Автомойки и детейлинг","Аренда"
"691","ru","Автомобили, транспорт и логистика","Автомойки и детейлинг","Срочная помощь"
"692","ru","Автомобили, транспорт и логистика","Автомойки и детейлинг","Корпоративное и fleet-обслуживание"
"693","ru","Автомобили, транспорт и логистика","Автомойки и детейлинг","Легковой транспорт"
"694","ru","Автомобили, транспорт и логистика","Автомойки и детейлинг","Коммерческий транспорт"
"695","ru","Автомобили, транспорт и логистика","Автомойки и детейлинг","Грузовой транспорт"
"696","ru","Автомобили, транспорт и логистика","Продажа автомобилей","Новые автомобили"
"697","ru","Автомобили, транспорт и логистика","Продажа автомобилей","Автомобили с пробегом"
"698","ru","Автомобили, транспорт и логистика","Продажа автомобилей","Коммерческие автомобили"
"699","ru","Автомобили, транспорт и логистика","Продажа автомобилей","Грузовые автомобили"
"700","ru","Автомобили, транспорт и логистика","Продажа автомобилей","Электромобили"
"701","ru","Автомобили, транспорт и логистика","Продажа автомобилей","Trade-in"
"702","ru","Автомобили, транспорт и логистика","Продажа автомобилей","Автомобили с аукционов"
"703","ru","Автомобили, транспорт и логистика","Продажа автомобилей","Импорт автомобилей"
"704","ru","Автомобили, транспорт и логистика","Продажа автомобилей","Автоподбор"
"705","ru","Автомобили, транспорт и логистика","Продажа автомобилей","Финансирование автомобиля"
"706","ru","Автомобили, транспорт и логистика","Аренда и лизинг автомобилей","Диагностика"
"707","ru","Автомобили, транспорт и логистика","Аренда и лизинг автомобилей","Плановое обслуживание"
"708","ru","Автомобили, транспорт и логистика","Аренда и лизинг автомобилей","Ремонт"
"709","ru","Автомобили, транспорт и логистика","Аренда и лизинг автомобилей","Продажа"
"710","ru","Автомобили, транспорт и логистика","Аренда и лизинг автомобилей","Аренда"
"711","ru","Автомобили, транспорт и логистика","Аренда и лизинг автомобилей","Срочная помощь"
"712","ru","Автомобили, транспорт и логистика","Аренда и лизинг автомобилей","Корпоративное и fleet-обслуживание"
"713","ru","Автомобили, транспорт и логистика","Аренда и лизинг автомобилей","Легковой транспорт"
"714","ru","Автомобили, транспорт и логистика","Аренда и лизинг автомобилей","Коммерческий транспорт"
"715","ru","Автомобили, транспорт и логистика","Аренда и лизинг автомобилей","Грузовой транспорт"
"716","ru","Автомобили, транспорт и логистика","Эвакуация и помощь на дороге","Диагностика"
"717","ru","Автомобили, транспорт и логистика","Эвакуация и помощь на дороге","Плановое обслуживание"
"718","ru","Автомобили, транспорт и логистика","Эвакуация и помощь на дороге","Ремонт"
"719","ru","Автомобили, транспорт и логистика","Эвакуация и помощь на дороге","Продажа"
"720","ru","Автомобили, транспорт и логистика","Эвакуация и помощь на дороге","Аренда"
"721","ru","Автомобили, транспорт и логистика","Эвакуация и помощь на дороге","Срочная помощь"
"722","ru","Автомобили, транспорт и логистика","Эвакуация и помощь на дороге","Корпоративное и fleet-обслуживание"
"723","ru","Автомобили, транспорт и логистика","Эвакуация и помощь на дороге","Легковой транспорт"
"724","ru","Автомобили, транспорт и логистика","Эвакуация и помощь на дороге","Коммерческий транспорт"
"725","ru","Автомобили, транспорт и логистика","Эвакуация и помощь на дороге","Грузовой транспорт"
"726","ru","Автомобили, транспорт и логистика","Грузовые перевозки и Trucking","FTL перевозки"
"727","ru","Автомобили, транспорт и логистика","Грузовые перевозки и Trucking","LTL перевозки"
"728","ru","Автомобили, транспорт и логистика","Грузовые перевозки и Trucking","Dry van"
"729","ru","Автомобили, транспорт и логистика","Грузовые перевозки и Trucking","Reefer перевозки"
"730","ru","Автомобили, транспорт и логистика","Грузовые перевозки и Trucking","Flatbed перевозки"
"731","ru","Автомобили, транспорт и логистика","Грузовые перевозки и Trucking","Контейнерные перевозки"
"732","ru","Автомобили, транспорт и логистика","Грузовые перевозки и Trucking","Автовозы"
"733","ru","Автомобили, транспорт и логистика","Грузовые перевозки и Trucking","Негабаритные грузы"
"734","ru","Автомобили, транспорт и логистика","Грузовые перевозки и Trucking","Опасные грузы"
"735","ru","Автомобили, транспорт и логистика","Грузовые перевозки и Trucking","Международные перевозки"
"736","ru","Автомобили, транспорт и логистика","Грузовые перевозки и Trucking","Междугородние перевозки"
"737","ru","Автомобили, транспорт и логистика","Грузовые перевозки и Trucking","Экспедирование грузов"
"738","ru","Автомобили, транспорт и логистика","Грузовые перевозки и Trucking","Диспетчеризация грузовиков"
"739","ru","Автомобили, транспорт и логистика","Грузовые перевозки и Trucking","Last-mile freight"
"740","ru","Автомобили, транспорт и логистика","Грузовые перевозки и Trucking","Переезды и household goods"
"741","ru","Автомобили, транспорт и логистика","Курьерская доставка и last-mile","Диагностика"
"742","ru","Автомобили, транспорт и логистика","Курьерская доставка и last-mile","Плановое обслуживание"
"743","ru","Автомобили, транспорт и логистика","Курьерская доставка и last-mile","Ремонт"
"744","ru","Автомобили, транспорт и логистика","Курьерская доставка и last-mile","Продажа"
"745","ru","Автомобили, транспорт и логистика","Курьерская доставка и last-mile","Аренда"
"746","ru","Автомобили, транспорт и логистика","Курьерская доставка и last-mile","Срочная помощь"
"747","ru","Автомобили, транспорт и логистика","Курьерская доставка и last-mile","Корпоративное и fleet-обслуживание"
"748","ru","Автомобили, транспорт и логистика","Курьерская доставка и last-mile","Легковой транспорт"
"749","ru","Автомобили, транспорт и логистика","Курьерская доставка и last-mile","Коммерческий транспорт"
"750","ru","Автомобили, транспорт и логистика","Курьерская доставка и last-mile","Грузовой транспорт"
"751","ru","Бизнес и профессиональные услуги","Бизнес-консалтинг","Консультация"
"752","ru","Бизнес и профессиональные услуги","Бизнес-консалтинг","Аудит текущей ситуации"
"753","ru","Бизнес и профессиональные услуги","Бизнес-консалтинг","Разработка стратегии"
"754","ru","Бизнес и профессиональные услуги","Бизнес-консалтинг","Подготовка бизнес-плана"
"755","ru","Бизнес и профессиональные услуги","Бизнес-консалтинг","Запуск проекта"
"756","ru","Бизнес и профессиональные услуги","Бизнес-консалтинг","Операционное сопровождение"
"757","ru","Бизнес и профессиональные услуги","Бизнес-консалтинг","Обучение команды"
"758","ru","Бизнес и профессиональные услуги","Бизнес-консалтинг","Подбор решений"
"759","ru","Бизнес и профессиональные услуги","Бизнес-консалтинг","Абонентское обслуживание"
"760","ru","Бизнес и профессиональные услуги","Бизнес-консалтинг","Антикризисное управление"
"761","ru","Бизнес и профессиональные услуги","Бизнес-консалтинг","Международное развитие"
"762","ru","Бизнес и профессиональные услуги","Управленческий и стратегический консалтинг","Консультация"
"763","ru","Бизнес и профессиональные услуги","Управленческий и стратегический консалтинг","Аудит текущей ситуации"
"764","ru","Бизнес и профессиональные услуги","Управленческий и стратегический консалтинг","Разработка стратегии"
"765","ru","Бизнес и профессиональные услуги","Управленческий и стратегический консалтинг","Подготовка бизнес-плана"
"766","ru","Бизнес и профессиональные услуги","Управленческий и стратегический консалтинг","Запуск проекта"
"767","ru","Бизнес и профессиональные услуги","Управленческий и стратегический консалтинг","Операционное сопровождение"
"768","ru","Бизнес и профессиональные услуги","Управленческий и стратегический консалтинг","Обучение команды"
"769","ru","Бизнес и профессиональные услуги","Управленческий и стратегический консалтинг","Подбор решений"
"770","ru","Бизнес и профессиональные услуги","Управленческий и стратегический консалтинг","Абонентское обслуживание"
"771","ru","Бизнес и профессиональные услуги","Управленческий и стратегический консалтинг","Антикризисное управление"
"772","ru","Бизнес и профессиональные услуги","Управленческий и стратегический консалтинг","Международное развитие"
"773","ru","Бизнес и профессиональные услуги","Франшизы и франчайзинг","Каталог франшиз"
"774","ru","Бизнес и профессиональные услуги","Франшизы и франчайзинг","Разработка франшизы"
"775","ru","Бизнес и профессиональные услуги","Франшизы и франчайзинг","Упаковка франшизы"
"776","ru","Бизнес и профессиональные услуги","Франшизы и франчайзинг","Продажа франшизы"
"777","ru","Бизнес и профессиональные услуги","Франшизы и франчайзинг","Покупка франшизы"
"778","ru","Бизнес и профессиональные услуги","Франшизы и франчайзинг","Франчайзинговый консалтинг"
"779","ru","Бизнес и профессиональные услуги","Франшизы и франчайзинг","Юридическое сопровождение франшизы"
"780","ru","Бизнес и профессиональные услуги","Франшизы и франчайзинг","Финансовая модель франшизы"
"781","ru","Бизнес и профессиональные услуги","Франшизы и франчайзинг","Маркетинг франчайзинговой сети"
"782","ru","Бизнес и профессиональные услуги","Франшизы и франчайзинг","Подбор франчайзи"
"783","ru","Бизнес и профессиональные услуги","Франшизы и франчайзинг","Аудит франшизы"
"784","ru","Бизнес и профессиональные услуги","Франшизы и франчайзинг","Международный франчайзинг"
"785","ru","Бизнес и профессиональные услуги","Франшизы и франчайзинг","Мастер-франшиза"
"786","ru","Бизнес и профессиональные услуги","Франшизы и франчайзинг","Обучение франчайзи"
"787","ru","Бизнес и профессиональные услуги","Франшизы и франчайзинг","Управление франчайзинговой сетью"
"788","ru","Бизнес и профессиональные услуги","Продажа и покупка готового бизнеса","Консультация"
"789","ru","Бизнес и профессиональные услуги","Продажа и покупка готового бизнеса","Аудит текущей ситуации"
"790","ru","Бизнес и профессиональные услуги","Продажа и покупка готового бизнеса","Разработка стратегии"
"791","ru","Бизнес и профессиональные услуги","Продажа и покупка готового бизнеса","Подготовка бизнес-плана"
"792","ru","Бизнес и профессиональные услуги","Продажа и покупка готового бизнеса","Запуск проекта"
"793","ru","Бизнес и профессиональные услуги","Продажа и покупка готового бизнеса","Операционное сопровождение"
"794","ru","Бизнес и профессиональные услуги","Продажа и покупка готового бизнеса","Обучение команды"
"795","ru","Бизнес и профессиональные услуги","Продажа и покупка готового бизнеса","Подбор решений"
"796","ru","Бизнес и профессиональные услуги","Продажа и покупка готового бизнеса","Абонентское обслуживание"
"797","ru","Бизнес и профессиональные услуги","Продажа и покупка готового бизнеса","Антикризисное управление"
"798","ru","Бизнес и профессиональные услуги","Инвестиционные и финансовые проекты","Консультация"
"799","ru","Бизнес и профессиональные услуги","Инвестиционные и финансовые проекты","Аудит текущей ситуации"
"800","ru","Бизнес и профессиональные услуги","Инвестиционные и финансовые проекты","Разработка стратегии"
"801","ru","Бизнес и профессиональные услуги","Инвестиционные и финансовые проекты","Подготовка бизнес-плана"
"802","ru","Бизнес и профессиональные услуги","Инвестиционные и финансовые проекты","Запуск проекта"
"803","ru","Бизнес и профессиональные услуги","Инвестиционные и финансовые проекты","Операционное сопровождение"
"804","ru","Бизнес и профессиональные услуги","Инвестиционные и финансовые проекты","Обучение команды"
"805","ru","Бизнес и профессиональные услуги","Инвестиционные и финансовые проекты","Подбор решений"
"806","ru","Бизнес и профессиональные услуги","Инвестиционные и финансовые проекты","Абонентское обслуживание"
"807","ru","Бизнес и профессиональные услуги","Инвестиционные и финансовые проекты","Антикризисное управление"
"808","ru","Бизнес и профессиональные услуги","Инвестиционные и финансовые проекты","Международное развитие"
"809","ru","Бизнес и профессиональные услуги","HR и подбор персонала","Консультация"
"810","ru","Бизнес и профессиональные услуги","HR и подбор персонала","Аудит текущей ситуации"
"811","ru","Бизнес и профессиональные услуги","HR и подбор персонала","Разработка стратегии"
"812","ru","Бизнес и профессиональные услуги","HR и подбор персонала","Подготовка бизнес-плана"
"813","ru","Бизнес и профессиональные услуги","HR и подбор персонала","Запуск проекта"
"814","ru","Бизнес и профессиональные услуги","HR и подбор персонала","Операционное сопровождение"
"815","ru","Бизнес и профессиональные услуги","HR и подбор персонала","Обучение команды"
"816","ru","Бизнес и профессиональные услуги","HR и подбор персонала","Подбор решений"
"817","ru","Бизнес и профессиональные услуги","HR и подбор персонала","Абонентское обслуживание"
"818","ru","Бизнес и профессиональные услуги","HR и подбор персонала","Антикризисное управление"
"819","ru","Бизнес и профессиональные услуги","Кадровое и payroll-администрирование","Консультация"
"820","ru","Бизнес и профессиональные услуги","Кадровое и payroll-администрирование","Аудит текущей ситуации"
"821","ru","Бизнес и профессиональные услуги","Кадровое и payroll-администрирование","Разработка стратегии"
"822","ru","Бизнес и профессиональные услуги","Кадровое и payroll-администрирование","Подготовка бизнес-плана"
"823","ru","Бизнес и профессиональные услуги","Кадровое и payroll-администрирование","Запуск проекта"
"824","ru","Бизнес и профессиональные услуги","Кадровое и payroll-администрирование","Операционное сопровождение"
"825","ru","Бизнес и профессиональные услуги","Кадровое и payroll-администрирование","Обучение команды"
"826","ru","Бизнес и профессиональные услуги","Кадровое и payroll-администрирование","Подбор решений"
"827","ru","Бизнес и профессиональные услуги","Кадровое и payroll-администрирование","Абонентское обслуживание"
"828","ru","Бизнес и профессиональные услуги","Кадровое и payroll-администрирование","Антикризисное управление"
"829","ru","Бизнес и профессиональные услуги","Аутсорсинг бизнес-процессов","Консультация"
"830","ru","Бизнес и профессиональные услуги","Аутсорсинг бизнес-процессов","Аудит текущей ситуации"
"831","ru","Бизнес и профессиональные услуги","Аутсорсинг бизнес-процессов","Разработка стратегии"
"832","ru","Бизнес и профессиональные услуги","Аутсорсинг бизнес-процессов","Подготовка бизнес-плана"
"833","ru","Бизнес и профессиональные услуги","Аутсорсинг бизнес-процессов","Запуск проекта"
"834","ru","Бизнес и профессиональные услуги","Аутсорсинг бизнес-процессов","Операционное сопровождение"
"835","ru","Бизнес и профессиональные услуги","Аутсорсинг бизнес-процессов","Обучение команды"
"836","ru","Бизнес и профессиональные услуги","Аутсорсинг бизнес-процессов","Подбор решений"
"837","ru","Бизнес и профессиональные услуги","Аутсорсинг бизнес-процессов","Абонентское обслуживание"
"838","ru","Бизнес и профессиональные услуги","Аутсорсинг бизнес-процессов","Антикризисное управление"
"839","ru","Бизнес и профессиональные услуги","Перевод, локализация и апостиль","Письменный перевод"
"840","ru","Бизнес и профессиональные услуги","Перевод, локализация и апостиль","Устный перевод"
"841","ru","Бизнес и профессиональные услуги","Перевод, локализация и апостиль","Синхронный перевод"
"842","ru","Бизнес и профессиональные услуги","Перевод, локализация и апостиль","Нотариальный перевод"
"843","ru","Бизнес и профессиональные услуги","Перевод, локализация и апостиль","Присяжный перевод"
"844","ru","Бизнес и профессиональные услуги","Перевод, локализация и апостиль","Локализация сайтов и приложений"
"845","ru","Бизнес и профессиональные услуги","Перевод, локализация и апостиль","Перевод юридических документов"
"846","ru","Бизнес и профессиональные услуги","Перевод, локализация и апостиль","Перевод медицинских документов"
"847","ru","Бизнес и профессиональные услуги","Перевод, локализация и апостиль","Апостиль"
"848","ru","Бизнес и профессиональные услуги","Перевод, локализация и апостиль","Легализация документов"
"849","ru","Бизнес и профессиональные услуги","Перевод, локализация и апостиль","Консульское заверение"
"850","ru","Бизнес и профессиональные услуги","Перевод, локализация и апостиль","Перевод для иммиграции"
"851","ru","Бизнес и профессиональные услуги","Перевод, локализация и апостиль","Перевод субтитров"
"852","ru","Бизнес и профессиональные услуги","Сертификация, лицензирование и compliance","Консультация"
"853","ru","Бизнес и профессиональные услуги","Сертификация, лицензирование и compliance","Аудит текущей ситуации"
"854","ru","Бизнес и профессиональные услуги","Сертификация, лицензирование и compliance","Разработка стратегии"
"855","ru","Бизнес и профессиональные услуги","Сертификация, лицензирование и compliance","Подготовка бизнес-плана"
"856","ru","Бизнес и профессиональные услуги","Сертификация, лицензирование и compliance","Запуск проекта"
"857","ru","Бизнес и профессиональные услуги","Сертификация, лицензирование и compliance","Операционное сопровождение"
"858","ru","Бизнес и профессиональные услуги","Сертификация, лицензирование и compliance","Обучение команды"
"859","ru","Бизнес и профессиональные услуги","Сертификация, лицензирование и compliance","Подбор решений"
"860","ru","Бизнес и профессиональные услуги","Сертификация, лицензирование и compliance","Абонентское обслуживание"
"861","ru","Бизнес и профессиональные услуги","Сертификация, лицензирование и compliance","Антикризисное управление"
"862","ru","Бизнес и профессиональные услуги","Коворкинги и виртуальные офисы","Консультация"
"863","ru","Бизнес и профессиональные услуги","Коворкинги и виртуальные офисы","Аудит текущей ситуации"
"864","ru","Бизнес и профессиональные услуги","Коворкинги и виртуальные офисы","Разработка стратегии"
"865","ru","Бизнес и профессиональные услуги","Коворкинги и виртуальные офисы","Подготовка бизнес-плана"
"866","ru","Бизнес и профессиональные услуги","Коворкинги и виртуальные офисы","Запуск проекта"
"867","ru","Бизнес и профессиональные услуги","Коворкинги и виртуальные офисы","Операционное сопровождение"
"868","ru","Бизнес и профессиональные услуги","Коворкинги и виртуальные офисы","Обучение команды"
"869","ru","Бизнес и профессиональные услуги","Коворкинги и виртуальные офисы","Подбор решений"
"870","ru","Бизнес и профессиональные услуги","Коворкинги и виртуальные офисы","Абонентское обслуживание"
"871","ru","Бизнес и профессиональные услуги","Коворкинги и виртуальные офисы","Антикризисное управление"
"872","ru","Бизнес и профессиональные услуги","Таможенные брокеры и внешнеэкономическое сопровождение","Консультация"
"873","ru","Бизнес и профессиональные услуги","Таможенные брокеры и внешнеэкономическое сопровождение","Аудит текущей ситуации"
"874","ru","Бизнес и профессиональные услуги","Таможенные брокеры и внешнеэкономическое сопровождение","Разработка стратегии"
"875","ru","Бизнес и профессиональные услуги","Таможенные брокеры и внешнеэкономическое сопровождение","Подготовка бизнес-плана"
"876","ru","Бизнес и профессиональные услуги","Таможенные брокеры и внешнеэкономическое сопровождение","Запуск проекта"
"877","ru","Бизнес и профессиональные услуги","Таможенные брокеры и внешнеэкономическое сопровождение","Операционное сопровождение"
"878","ru","Бизнес и профессиональные услуги","Таможенные брокеры и внешнеэкономическое сопровождение","Обучение команды"
"879","ru","Бизнес и профессиональные услуги","Таможенные брокеры и внешнеэкономическое сопровождение","Подбор решений"
"880","ru","Бизнес и профессиональные услуги","Таможенные брокеры и внешнеэкономическое сопровождение","Абонентское обслуживание"
"881","ru","Бизнес и профессиональные услуги","Таможенные брокеры и внешнеэкономическое сопровождение","Антикризисное управление"
"882","ru","Бизнес и профессиональные услуги","Охрана и безопасность бизнеса","Консультация"
"883","ru","Бизнес и профессиональные услуги","Охрана и безопасность бизнеса","Аудит текущей ситуации"
"884","ru","Бизнес и профессиональные услуги","Охрана и безопасность бизнеса","Разработка стратегии"
"885","ru","Бизнес и профессиональные услуги","Охрана и безопасность бизнеса","Подготовка бизнес-плана"
"886","ru","Бизнес и профессиональные услуги","Охрана и безопасность бизнеса","Запуск проекта"
"887","ru","Бизнес и профессиональные услуги","Охрана и безопасность бизнеса","Операционное сопровождение"
"888","ru","Бизнес и профессиональные услуги","Охрана и безопасность бизнеса","Обучение команды"
"889","ru","Бизнес и профессиональные услуги","Охрана и безопасность бизнеса","Подбор решений"
"890","ru","Бизнес и профессиональные услуги","Охрана и безопасность бизнеса","Абонентское обслуживание"
"891","ru","Бизнес и профессиональные услуги","Охрана и безопасность бизнеса","Антикризисное управление"
"892","ru","Производство, торговля и агросектор","Производственные предприятия","Производство под заказ"
"893","ru","Производство, торговля и агросектор","Производственные предприятия","Серийное производство"
"894","ru","Производство, торговля и агросектор","Производственные предприятия","Оптовые поставки"
"895","ru","Производство, торговля и агросектор","Производственные предприятия","Розничные продажи"
"896","ru","Производство, торговля и агросектор","Производственные предприятия","Контрактное производство"
"897","ru","Производство, торговля и агросектор","Производственные предприятия","Private label"
"898","ru","Производство, торговля и агросектор","Производственные предприятия","Экспорт"
"899","ru","Производство, торговля и агросектор","Производственные предприятия","Импорт"
"900","ru","Производство, торговля и агросектор","Производственные предприятия","Комплектация объектов"
"901","ru","Производство, торговля и агросектор","Производственные предприятия","Техническое обслуживание"
"902","ru","Производство, торговля и агросектор","Производственные предприятия","Корпоративные закупки"
"903","ru","Производство, торговля и агросектор","Производственные предприятия","Индивидуальные изделия"
"904","ru","Производство, торговля и агросектор","Оптовая торговля и дистрибуция","Производство под заказ"
"905","ru","Производство, торговля и агросектор","Оптовая торговля и дистрибуция","Серийное производство"
"906","ru","Производство, торговля и агросектор","Оптовая торговля и дистрибуция","Оптовые поставки"
"907","ru","Производство, торговля и агросектор","Оптовая торговля и дистрибуция","Розничные продажи"
"908","ru","Производство, торговля и агросектор","Оптовая торговля и дистрибуция","Контрактное производство"
"909","ru","Производство, торговля и агросектор","Оптовая торговля и дистрибуция","Private label"
"910","ru","Производство, торговля и агросектор","Оптовая торговля и дистрибуция","Экспорт"
"911","ru","Производство, торговля и агросектор","Оптовая торговля и дистрибуция","Импорт"
"912","ru","Производство, торговля и агросектор","Оптовая торговля и дистрибуция","Комплектация объектов"
"913","ru","Производство, торговля и агросектор","Оптовая торговля и дистрибуция","Техническое обслуживание"
"914","ru","Производство, торговля и агросектор","Оптовая торговля и дистрибуция","Корпоративные закупки"
"915","ru","Производство, торговля и агросектор","Оптовая торговля и дистрибуция","Индивидуальные изделия"
"916","ru","Производство, торговля и агросектор","Розничные магазины","Производство под заказ"
"917","ru","Производство, торговля и агросектор","Розничные магазины","Серийное производство"
"918","ru","Производство, торговля и агросектор","Розничные магазины","Оптовые поставки"
"919","ru","Производство, торговля и агросектор","Розничные магазины","Розничные продажи"
"920","ru","Производство, торговля и агросектор","Розничные магазины","Контрактное производство"
"921","ru","Производство, торговля и агросектор","Розничные магазины","Private label"
"922","ru","Производство, торговля и агросектор","Розничные магазины","Экспорт"
"923","ru","Производство, торговля и агросектор","Розничные магазины","Импорт"
"924","ru","Производство, торговля и агросектор","Розничные магазины","Комплектация объектов"
"925","ru","Производство, торговля и агросектор","Розничные магазины","Техническое обслуживание"
"926","ru","Производство, торговля и агросектор","Интернет-магазины и маркетплейсы","Производство под заказ"
"927","ru","Производство, торговля и агросектор","Интернет-магазины и маркетплейсы","Серийное производство"
"928","ru","Производство, торговля и агросектор","Интернет-магазины и маркетплейсы","Оптовые поставки"
"929","ru","Производство, торговля и агросектор","Интернет-магазины и маркетплейсы","Розничные продажи"
"930","ru","Производство, торговля и агросектор","Интернет-магазины и маркетплейсы","Контрактное производство"
"931","ru","Производство, торговля и агросектор","Интернет-магазины и маркетплейсы","Private label"
"932","ru","Производство, торговля и агросектор","Интернет-магазины и маркетплейсы","Экспорт"
"933","ru","Производство, торговля и агросектор","Интернет-магазины и маркетплейсы","Импорт"
"934","ru","Производство, торговля и агросектор","Интернет-магазины и маркетплейсы","Комплектация объектов"
"935","ru","Производство, торговля и агросектор","Интернет-магазины и маркетплейсы","Техническое обслуживание"
"936","ru","Производство, торговля и агросектор","Экспорт и импорт","Производство под заказ"
"937","ru","Производство, торговля и агросектор","Экспорт и импорт","Серийное производство"
"938","ru","Производство, торговля и агросектор","Экспорт и импорт","Оптовые поставки"
"939","ru","Производство, торговля и агросектор","Экспорт и импорт","Розничные продажи"
"940","ru","Производство, торговля и агросектор","Экспорт и импорт","Контрактное производство"
"941","ru","Производство, торговля и агросектор","Экспорт и импорт","Private label"
"942","ru","Производство, торговля и агросектор","Экспорт и импорт","Экспорт"
"943","ru","Производство, торговля и агросектор","Экспорт и импорт","Импорт"
"944","ru","Производство, торговля и агросектор","Экспорт и импорт","Комплектация объектов"
"945","ru","Производство, торговля и агросектор","Экспорт и импорт","Техническое обслуживание"
"946","ru","Производство, торговля и агросектор","Поставщики оборудования","Производство под заказ"
"947","ru","Производство, торговля и агросектор","Поставщики оборудования","Серийное производство"
"948","ru","Производство, торговля и агросектор","Поставщики оборудования","Оптовые поставки"
"949","ru","Производство, торговля и агросектор","Поставщики оборудования","Розничные продажи"
"950","ru","Производство, торговля и агросектор","Поставщики оборудования","Контрактное производство"
"951","ru","Производство, торговля и агросектор","Поставщики оборудования","Private label"
"952","ru","Производство, торговля и агросектор","Поставщики оборудования","Экспорт"
"953","ru","Производство, торговля и агросектор","Поставщики оборудования","Импорт"
"954","ru","Производство, торговля и агросектор","Поставщики оборудования","Комплектация объектов"
"955","ru","Производство, торговля и агросектор","Поставщики оборудования","Техническое обслуживание"
"956","ru","Производство, торговля и агросектор","Промышленный ремонт и обслуживание","Производство под заказ"
"957","ru","Производство, торговля и агросектор","Промышленный ремонт и обслуживание","Серийное производство"
"958","ru","Производство, торговля и агросектор","Промышленный ремонт и обслуживание","Оптовые поставки"
"959","ru","Производство, торговля и агросектор","Промышленный ремонт и обслуживание","Розничные продажи"
"960","ru","Производство, торговля и агросектор","Промышленный ремонт и обслуживание","Контрактное производство"
"961","ru","Производство, торговля и агросектор","Промышленный ремонт и обслуживание","Private label"
"962","ru","Производство, торговля и агросектор","Промышленный ремонт и обслуживание","Экспорт"
"963","ru","Производство, торговля и агросектор","Промышленный ремонт и обслуживание","Импорт"
"964","ru","Производство, торговля и агросектор","Промышленный ремонт и обслуживание","Комплектация объектов"
"965","ru","Производство, торговля и агросектор","Промышленный ремонт и обслуживание","Техническое обслуживание"
"966","ru","Производство, торговля и агросектор","Пищевая промышленность","Производство под заказ"
"967","ru","Производство, торговля и агросектор","Пищевая промышленность","Серийное производство"
"968","ru","Производство, торговля и агросектор","Пищевая промышленность","Оптовые поставки"
"969","ru","Производство, торговля и агросектор","Пищевая промышленность","Розничные продажи"
"970","ru","Производство, торговля и агросектор","Пищевая промышленность","Контрактное производство"
"971","ru","Производство, торговля и агросектор","Пищевая промышленность","Private label"
"972","ru","Производство, торговля и агросектор","Пищевая промышленность","Экспорт"
"973","ru","Производство, торговля и агросектор","Пищевая промышленность","Импорт"
"974","ru","Производство, торговля и агросектор","Пищевая промышленность","Комплектация объектов"
"975","ru","Производство, торговля и агросектор","Пищевая промышленность","Техническое обслуживание"
"976","ru","Производство, торговля и агросектор","Легкая промышленность и одежда","Производство под заказ"
"977","ru","Производство, торговля и агросектор","Легкая промышленность и одежда","Серийное производство"
"978","ru","Производство, торговля и агросектор","Легкая промышленность и одежда","Оптовые поставки"
"979","ru","Производство, торговля и агросектор","Легкая промышленность и одежда","Розничные продажи"
"980","ru","Производство, торговля и агросектор","Легкая промышленность и одежда","Контрактное производство"
"981","ru","Производство, торговля и агросектор","Легкая промышленность и одежда","Private label"
"982","ru","Производство, торговля и агросектор","Легкая промышленность и одежда","Экспорт"
"983","ru","Производство, торговля и агросектор","Легкая промышленность и одежда","Импорт"
"984","ru","Производство, торговля и агросектор","Легкая промышленность и одежда","Комплектация объектов"
"985","ru","Производство, торговля и агросектор","Легкая промышленность и одежда","Техническое обслуживание"
"986","ru","Производство, торговля и агросектор","Мебельное производство","Производство под заказ"
"987","ru","Производство, торговля и агросектор","Мебельное производство","Серийное производство"
"988","ru","Производство, торговля и агросектор","Мебельное производство","Оптовые поставки"
"989","ru","Производство, торговля и агросектор","Мебельное производство","Розничные продажи"
"990","ru","Производство, торговля и агросектор","Мебельное производство","Контрактное производство"
"991","ru","Производство, торговля и агросектор","Мебельное производство","Private label"
"992","ru","Производство, торговля и агросектор","Мебельное производство","Экспорт"
"993","ru","Производство, торговля и агросектор","Мебельное производство","Импорт"
"994","ru","Производство, торговля и агросектор","Мебельное производство","Комплектация объектов"
"995","ru","Производство, торговля и агросектор","Мебельное производство","Техническое обслуживание"
"996","ru","Производство, торговля и агросектор","Мебельное производство","Корпоративные закупки"
"997","ru","Производство, торговля и агросектор","Мебельное производство","Индивидуальные изделия"
"998","ru","Производство, торговля и агросектор","Строительные материалы","Производство под заказ"
"999","ru","Производство, торговля и агросектор","Строительные материалы","Серийное производство"
"1000","ru","Производство, торговля и агросектор","Строительные материалы","Оптовые поставки"
"1001","ru","Производство, торговля и агросектор","Строительные материалы","Розничные продажи"
"1002","ru","Производство, торговля и агросектор","Строительные материалы","Контрактное производство"
"1003","ru","Производство, торговля и агросектор","Строительные материалы","Private label"
"1004","ru","Производство, торговля и агросектор","Строительные материалы","Экспорт"
"1005","ru","Производство, торговля и агросектор","Строительные материалы","Импорт"
"1006","ru","Производство, торговля и агросектор","Строительные материалы","Комплектация объектов"
"1007","ru","Производство, торговля и агросектор","Строительные материалы","Техническое обслуживание"
"1008","ru","Производство, торговля и агросектор","Полиграфия и упаковка","Производство под заказ"
"1009","ru","Производство, торговля и агросектор","Полиграфия и упаковка","Серийное производство"
"1010","ru","Производство, торговля и агросектор","Полиграфия и упаковка","Оптовые поставки"
"1011","ru","Производство, торговля и агросектор","Полиграфия и упаковка","Розничные продажи"
"1012","ru","Производство, торговля и агросектор","Полиграфия и упаковка","Контрактное производство"
"1013","ru","Производство, торговля и агросектор","Полиграфия и упаковка","Private label"
"1014","ru","Производство, торговля и агросектор","Полиграфия и упаковка","Экспорт"
"1015","ru","Производство, торговля и агросектор","Полиграфия и упаковка","Импорт"
"1016","ru","Производство, торговля и агросектор","Полиграфия и упаковка","Комплектация объектов"
"1017","ru","Производство, торговля и агросектор","Полиграфия и упаковка","Техническое обслуживание"
"1018","ru","Производство, торговля и агросектор","Сельское хозяйство и агросервисы","Производство под заказ"
"1019","ru","Производство, торговля и агросектор","Сельское хозяйство и агросервисы","Серийное производство"
"1020","ru","Производство, торговля и агросектор","Сельское хозяйство и агросервисы","Оптовые поставки"
"1021","ru","Производство, торговля и агросектор","Сельское хозяйство и агросервисы","Розничные продажи"
"1022","ru","Производство, торговля и агросектор","Сельское хозяйство и агросервисы","Контрактное производство"
"1023","ru","Производство, торговля и агросектор","Сельское хозяйство и агросервисы","Private label"
"1024","ru","Производство, торговля и агросектор","Сельское хозяйство и агросервисы","Экспорт"
"1025","ru","Производство, торговля и агросектор","Сельское хозяйство и агросервисы","Импорт"
"1026","ru","Производство, торговля и агросектор","Сельское хозяйство и агросервисы","Комплектация объектов"
"1027","ru","Производство, торговля и агросектор","Сельское хозяйство и агросервисы","Техническое обслуживание"
"1028","ru","IT, маркетинг, дизайн и медиа","Разработка сайтов и e-commerce","Корпоративные сайты"
"1029","ru","IT, маркетинг, дизайн и медиа","Разработка сайтов и e-commerce","Интернет-магазины"
"1030","ru","IT, маркетинг, дизайн и медиа","Разработка сайтов и e-commerce","Лендинги"
"1031","ru","IT, маркетинг, дизайн и медиа","Разработка сайтов и e-commerce","Каталоги товаров и услуг"
"1032","ru","IT, маркетинг, дизайн и медиа","Разработка сайтов и e-commerce","Маркетплейсы"
"1033","ru","IT, маркетинг, дизайн и медиа","Разработка сайтов и e-commerce","Порталы и личные кабинеты"
"1034","ru","IT, маркетинг, дизайн и медиа","Разработка сайтов и e-commerce","Редизайн сайта"
"1035","ru","IT, маркетинг, дизайн и медиа","Разработка сайтов и e-commerce","Frontend-разработка"
"1036","ru","IT, маркетинг, дизайн и медиа","Разработка сайтов и e-commerce","Backend-разработка"
"1037","ru","IT, маркетинг, дизайн и медиа","Разработка сайтов и e-commerce","CMS-разработка"
"1038","ru","IT, маркетинг, дизайн и медиа","Разработка сайтов и e-commerce","Интеграция платежных систем"
"1039","ru","IT, маркетинг, дизайн и медиа","Разработка сайтов и e-commerce","Интеграция CRM и ERP"
"1040","ru","IT, маркетинг, дизайн и медиа","Разработка сайтов и e-commerce","Техническая поддержка сайтов"
"1041","ru","IT, маркетинг, дизайн и медиа","Разработка сайтов и e-commerce","Оптимизация скорости"
"1042","ru","IT, маркетинг, дизайн и медиа","Разработка сайтов и e-commerce","Мультиязычные сайты"
"1043","ru","IT, маркетинг, дизайн и медиа","Разработка сайтов и e-commerce","Accessibility и ADA/WCAG"
"1044","ru","IT, маркетинг, дизайн и медиа","Разработка программного обеспечения","Аудит и консультация"
"1045","ru","IT, маркетинг, дизайн и медиа","Разработка программного обеспечения","Разработка с нуля"
"1046","ru","IT, маркетинг, дизайн и медиа","Разработка программного обеспечения","Доработка и модернизация"
"1047","ru","IT, маркетинг, дизайн и медиа","Разработка программного обеспечения","Интеграция"
"1048","ru","IT, маркетинг, дизайн и медиа","Разработка программного обеспечения","Техническая поддержка"
"1049","ru","IT, маркетинг, дизайн и медиа","Разработка программного обеспечения","Аутсорсинг"
"1050","ru","IT, маркетинг, дизайн и медиа","Разработка программного обеспечения","Внедрение"
"1051","ru","IT, маркетинг, дизайн и медиа","Разработка программного обеспечения","Обучение пользователей"
"1052","ru","IT, маркетинг, дизайн и медиа","Разработка программного обеспечения","Корпоративные решения"
"1053","ru","IT, маркетинг, дизайн и медиа","Разработка программного обеспечения","Мобильные решения"
"1054","ru","IT, маркетинг, дизайн и медиа","Разработка программного обеспечения","Облачные решения"
"1055","ru","IT, маркетинг, дизайн и медиа","Разработка программного обеспечения","Аналитика"
"1056","ru","IT, маркетинг, дизайн и медиа","Разработка программного обеспечения","Информационная безопасность"
"1057","ru","IT, маркетинг, дизайн и медиа","Мобильные приложения","Аудит и консультация"
"1058","ru","IT, маркетинг, дизайн и медиа","Мобильные приложения","Разработка с нуля"
"1059","ru","IT, маркетинг, дизайн и медиа","Мобильные приложения","Доработка и модернизация"
"1060","ru","IT, маркетинг, дизайн и медиа","Мобильные приложения","Интеграция"
"1061","ru","IT, маркетинг, дизайн и медиа","Мобильные приложения","Техническая поддержка"
"1062","ru","IT, маркетинг, дизайн и медиа","Мобильные приложения","Аутсорсинг"
"1063","ru","IT, маркетинг, дизайн и медиа","Мобильные приложения","Внедрение"
"1064","ru","IT, маркетинг, дизайн и медиа","Мобильные приложения","Обучение пользователей"
"1065","ru","IT, маркетинг, дизайн и медиа","Мобильные приложения","Корпоративные решения"
"1066","ru","IT, маркетинг, дизайн и медиа","Мобильные приложения","Мобильные решения"
"1067","ru","IT, маркетинг, дизайн и медиа","Искусственный интеллект и автоматизация","AI-консалтинг"
"1068","ru","IT, маркетинг, дизайн и медиа","Искусственный интеллект и автоматизация","Чат-боты"
"1069","ru","IT, маркетинг, дизайн и медиа","Искусственный интеллект и автоматизация","Голосовые ассистенты"
"1070","ru","IT, маркетинг, дизайн и медиа","Искусственный интеллект и автоматизация","AI-агенты"
"1071","ru","IT, маркетинг, дизайн и медиа","Искусственный интеллект и автоматизация","Автоматизация бизнес-процессов"
"1072","ru","IT, маркетинг, дизайн и медиа","Искусственный интеллект и автоматизация","Обработка документов с AI"
"1073","ru","IT, маркетинг, дизайн и медиа","Искусственный интеллект и автоматизация","Аналитика и прогнозирование"
"1074","ru","IT, маркетинг, дизайн и медиа","Искусственный интеллект и автоматизация","Компьютерное зрение"
"1075","ru","IT, маркетинг, дизайн и медиа","Искусственный интеллект и автоматизация","Распознавание речи"
"1076","ru","IT, маркетинг, дизайн и медиа","Искусственный интеллект и автоматизация","Генерация контента"
"1077","ru","IT, маркетинг, дизайн и медиа","Искусственный интеллект и автоматизация","Рекомендательные системы"
"1078","ru","IT, маркетинг, дизайн и медиа","Искусственный интеллект и автоматизация","Интеграция AI в CRM"
"1079","ru","IT, маркетинг, дизайн и медиа","Искусственный интеллект и автоматизация","Автоматизация клиентской поддержки"
"1080","ru","IT, маркетинг, дизайн и медиа","Искусственный интеллект и автоматизация","Корпоративные базы знаний"
"1081","ru","IT, маркетинг, дизайн и медиа","Искусственный интеллект и автоматизация","Обучение персонала работе с AI"
"1082","ru","IT, маркетинг, дизайн и медиа","Облачная инфраструктура и DevOps","Аудит и консультация"
"1083","ru","IT, маркетинг, дизайн и медиа","Облачная инфраструктура и DevOps","Разработка с нуля"
"1084","ru","IT, маркетинг, дизайн и медиа","Облачная инфраструктура и DevOps","Доработка и модернизация"
"1085","ru","IT, маркетинг, дизайн и медиа","Облачная инфраструктура и DevOps","Интеграция"
"1086","ru","IT, маркетинг, дизайн и медиа","Облачная инфраструктура и DevOps","Техническая поддержка"
"1087","ru","IT, маркетинг, дизайн и медиа","Облачная инфраструктура и DevOps","Аутсорсинг"
"1088","ru","IT, маркетинг, дизайн и медиа","Облачная инфраструктура и DevOps","Внедрение"
"1089","ru","IT, маркетинг, дизайн и медиа","Облачная инфраструктура и DevOps","Обучение пользователей"
"1090","ru","IT, маркетинг, дизайн и медиа","Облачная инфраструктура и DevOps","Корпоративные решения"
"1091","ru","IT, маркетинг, дизайн и медиа","Облачная инфраструктура и DevOps","Мобильные решения"
"1092","ru","IT, маркетинг, дизайн и медиа","Кибербезопасность","Аудит и консультация"
"1093","ru","IT, маркетинг, дизайн и медиа","Кибербезопасность","Разработка с нуля"
"1094","ru","IT, маркетинг, дизайн и медиа","Кибербезопасность","Доработка и модернизация"
"1095","ru","IT, маркетинг, дизайн и медиа","Кибербезопасность","Интеграция"
"1096","ru","IT, маркетинг, дизайн и медиа","Кибербезопасность","Техническая поддержка"
"1097","ru","IT, маркетинг, дизайн и медиа","Кибербезопасность","Аутсорсинг"
"1098","ru","IT, маркетинг, дизайн и медиа","Кибербезопасность","Внедрение"
"1099","ru","IT, маркетинг, дизайн и медиа","Кибербезопасность","Обучение пользователей"
"1100","ru","IT, маркетинг, дизайн и медиа","Кибербезопасность","Корпоративные решения"
"1101","ru","IT, маркетинг, дизайн и медиа","Кибербезопасность","Мобильные решения"
"1102","ru","IT, маркетинг, дизайн и медиа","IT-поддержка и системное администрирование","Аудит и консультация"
"1103","ru","IT, маркетинг, дизайн и медиа","IT-поддержка и системное администрирование","Разработка с нуля"
"1104","ru","IT, маркетинг, дизайн и медиа","IT-поддержка и системное администрирование","Доработка и модернизация"
"1105","ru","IT, маркетинг, дизайн и медиа","IT-поддержка и системное администрирование","Интеграция"
"1106","ru","IT, маркетинг, дизайн и медиа","IT-поддержка и системное администрирование","Техническая поддержка"
"1107","ru","IT, маркетинг, дизайн и медиа","IT-поддержка и системное администрирование","Аутсорсинг"
"1108","ru","IT, маркетинг, дизайн и медиа","IT-поддержка и системное администрирование","Внедрение"
"1109","ru","IT, маркетинг, дизайн и медиа","IT-поддержка и системное администрирование","Обучение пользователей"
"1110","ru","IT, маркетинг, дизайн и медиа","IT-поддержка и системное администрирование","Корпоративные решения"
"1111","ru","IT, маркетинг, дизайн и медиа","IT-поддержка и системное администрирование","Мобильные решения"
"1112","ru","IT, маркетинг, дизайн и медиа","Интернет-маркетинг и реклама","Маркетинговая стратегия"
"1113","ru","IT, маркетинг, дизайн и медиа","Интернет-маркетинг и реклама","Лидогенерация"
"1114","ru","IT, маркетинг, дизайн и медиа","Интернет-маркетинг и реклама","Контекстная реклама"
"1115","ru","IT, маркетинг, дизайн и медиа","Интернет-маркетинг и реклама","Таргетированная реклама"
"1116","ru","IT, маркетинг, дизайн и медиа","Интернет-маркетинг и реклама","Email-маркетинг"
"1117","ru","IT, маркетинг, дизайн и медиа","Интернет-маркетинг и реклама","Медиабаинг"
"1118","ru","IT, маркетинг, дизайн и медиа","Интернет-маркетинг и реклама","Маркетинговая аналитика"
"1119","ru","IT, маркетинг, дизайн и медиа","Интернет-маркетинг и реклама","Автоматизация маркетинга"
"1120","ru","IT, маркетинг, дизайн и медиа","Интернет-маркетинг и реклама","Local advertising"
"1121","ru","IT, маркетинг, дизайн и медиа","Интернет-маркетинг и реклама","Аудит и консультация"
"1122","ru","IT, маркетинг, дизайн и медиа","SEO и локальное продвижение","SEO-аудит"
"1123","ru","IT, маркетинг, дизайн и медиа","SEO и локальное продвижение","Техническое SEO"
"1124","ru","IT, маркетинг, дизайн и медиа","SEO и локальное продвижение","Семантическое ядро"
"1125","ru","IT, маркетинг, дизайн и медиа","SEO и локальное продвижение","Внутренняя оптимизация"
"1126","ru","IT, маркетинг, дизайн и медиа","SEO и локальное продвижение","Link building"
"1127","ru","IT, маркетинг, дизайн и медиа","SEO и локальное продвижение","Local SEO"
"1128","ru","IT, маркетинг, дизайн и медиа","SEO и локальное продвижение","Google Business Profile"
"1129","ru","IT, маркетинг, дизайн и медиа","SEO и локальное продвижение","Продвижение интернет-магазинов"
"1130","ru","IT, маркетинг, дизайн и медиа","SEO и локальное продвижение","SEO-аналитика"
"1131","ru","IT, маркетинг, дизайн и медиа","SEO и локальное продвижение","Аудит и консультация"
"1132","ru","IT, маркетинг, дизайн и медиа","Социальные сети и контент","Стратегия социальных сетей"
"1133","ru","IT, маркетинг, дизайн и медиа","Социальные сети и контент","Instagram"
"1134","ru","IT, маркетинг, дизайн и медиа","Социальные сети и контент","Facebook"
"1135","ru","IT, маркетинг, дизайн и медиа","Социальные сети и контент","TikTok"
"1136","ru","IT, маркетинг, дизайн и медиа","Социальные сети и контент","LinkedIn"
"1137","ru","IT, маркетинг, дизайн и медиа","Социальные сети и контент","YouTube"
"1138","ru","IT, маркетинг, дизайн и медиа","Социальные сети и контент","Создание контента"
"1139","ru","IT, маркетинг, дизайн и медиа","Социальные сети и контент","Community management"
"1140","ru","IT, маркетинг, дизайн и медиа","Социальные сети и контент","Influencer marketing"
"1141","ru","IT, маркетинг, дизайн и медиа","Социальные сети и контент","Аналитика социальных сетей"
"1142","ru","IT, маркетинг, дизайн и медиа","Дизайн и брендинг","Фирменный стиль"
"1143","ru","IT, маркетинг, дизайн и медиа","Дизайн и брендинг","Логотип"
"1144","ru","IT, маркетинг, дизайн и медиа","Дизайн и брендинг","Брендбук"
"1145","ru","IT, маркетинг, дизайн и медиа","Дизайн и брендинг","Графический дизайн"
"1146","ru","IT, маркетинг, дизайн и медиа","Дизайн и брендинг","Веб-дизайн"
"1147","ru","IT, маркетинг, дизайн и медиа","Дизайн и брендинг","Дизайн упаковки"
"1148","ru","IT, маркетинг, дизайн и медиа","Дизайн и брендинг","Рекламные материалы"
"1149","ru","IT, маркетинг, дизайн и медиа","Дизайн и брендинг","Презентации"
"1150","ru","IT, маркетинг, дизайн и медиа","Дизайн и брендинг","UX/UI-дизайн"
"1151","ru","IT, маркетинг, дизайн и медиа","Дизайн и брендинг","Аудит и консультация"
"1152","ru","IT, маркетинг, дизайн и медиа","Фото, видео и медиапродакшн","Аудит и консультация"
"1153","ru","IT, маркетинг, дизайн и медиа","Фото, видео и медиапродакшн","Разработка с нуля"
"1154","ru","IT, маркетинг, дизайн и медиа","Фото, видео и медиапродакшн","Доработка и модернизация"
"1155","ru","IT, маркетинг, дизайн и медиа","Фото, видео и медиапродакшн","Интеграция"
"1156","ru","IT, маркетинг, дизайн и медиа","Фото, видео и медиапродакшн","Техническая поддержка"
"1157","ru","IT, маркетинг, дизайн и медиа","Фото, видео и медиапродакшн","Аутсорсинг"
"1158","ru","IT, маркетинг, дизайн и медиа","Фото, видео и медиапродакшн","Внедрение"
"1159","ru","IT, маркетинг, дизайн и медиа","Фото, видео и медиапродакшн","Обучение пользователей"
"1160","ru","IT, маркетинг, дизайн и медиа","Фото, видео и медиапродакшн","Корпоративные решения"
"1161","ru","IT, маркетинг, дизайн и медиа","Фото, видео и медиапродакшн","Мобильные решения"
"1162","ru","Гостеприимство, образование и бытовые услуги","Гостиницы и апартаменты","Отели"
"1163","ru","Гостеприимство, образование и бытовые услуги","Гостиницы и апартаменты","Апарт-отели"
"1164","ru","Гостеприимство, образование и бытовые услуги","Гостиницы и апартаменты","Хостелы"
"1165","ru","Гостеприимство, образование и бытовые услуги","Гостиницы и апартаменты","Гостевые дома"
"1166","ru","Гостеприимство, образование и бытовые услуги","Гостиницы и апартаменты","Краткосрочная аренда"
"1167","ru","Гостеприимство, образование и бытовые услуги","Гостиницы и апартаменты","Бизнес-размещение"
"1168","ru","Гостеприимство, образование и бытовые услуги","Гостиницы и апартаменты","Семейное размещение"
"1169","ru","Гостеприимство, образование и бытовые услуги","Гостиницы и апартаменты","Pet-friendly размещение"
"1170","ru","Гостеприимство, образование и бытовые услуги","Гостиницы и апартаменты","Конференц-сервис"
"1171","ru","Гостеприимство, образование и бытовые услуги","Гостиницы и апартаменты","Extended stay"
"1172","ru","Гостеприимство, образование и бытовые услуги","Туристические агентства и туроператоры","Авиатуры"
"1173","ru","Гостеприимство, образование и бытовые услуги","Туристические агентства и туроператоры","Автобусные туры"
"1174","ru","Гостеприимство, образование и бытовые услуги","Туристические агентства и туроператоры","Пляжный отдых"
"1175","ru","Гостеприимство, образование и бытовые услуги","Туристические агентства и туроператоры","Горнолыжные туры"
"1176","ru","Гостеприимство, образование и бытовые услуги","Туристические агентства и туроператоры","Круизы"
"1177","ru","Гостеприимство, образование и бытовые услуги","Туристические агентства и туроператоры","Деловые поездки"
"1178","ru","Гостеприимство, образование и бытовые услуги","Туристические агентства и туроператоры","Семейные туры"
"1179","ru","Гостеприимство, образование и бытовые услуги","Туристические агентства и туроператоры","Индивидуальные туры"
"1180","ru","Гостеприимство, образование и бытовые услуги","Туристические агентства и туроператоры","Визовая поддержка"
"1181","ru","Гостеприимство, образование и бытовые услуги","Туристические агентства и туроператоры","Travel insurance"
"1182","ru","Гостеприимство, образование и бытовые услуги","Рестораны, кафе и кейтеринг","Европейская кухня"
"1183","ru","Гостеприимство, образование и бытовые услуги","Рестораны, кафе и кейтеринг","Украинская кухня"
"1184","ru","Гостеприимство, образование и бытовые услуги","Рестораны, кафе и кейтеринг","Итальянская кухня"
"1185","ru","Гостеприимство, образование и бытовые услуги","Рестораны, кафе и кейтеринг","Азиатская кухня"
"1186","ru","Гостеприимство, образование и бытовые услуги","Рестораны, кафе и кейтеринг","Американская кухня"
"1187","ru","Гостеприимство, образование и бытовые услуги","Рестораны, кафе и кейтеринг","Средиземноморская кухня"
"1188","ru","Гостеприимство, образование и бытовые услуги","Рестораны, кафе и кейтеринг","Fast casual"
"1189","ru","Гостеприимство, образование и бытовые услуги","Рестораны, кафе и кейтеринг","Семейные рестораны"
"1190","ru","Гостеприимство, образование и бытовые услуги","Рестораны, кафе и кейтеринг","Банкеты"
"1191","ru","Гостеприимство, образование и бытовые услуги","Рестораны, кафе и кейтеринг","Доставка еды"
"1192","ru","Гостеприимство, образование и бытовые услуги","Организация мероприятий и свадеб","Индивидуальное обслуживание"
"1193","ru","Гостеприимство, образование и бытовые услуги","Организация мероприятий и свадеб","Семейные услуги"
"1194","ru","Гостеприимство, образование и бытовые услуги","Организация мероприятий и свадеб","Групповые программы"
"1195","ru","Гостеприимство, образование и бытовые услуги","Организация мероприятий и свадеб","Корпоративное обслуживание"
"1196","ru","Гостеприимство, образование и бытовые услуги","Организация мероприятий и свадеб","Премиум-формат"
"1197","ru","Гостеприимство, образование и бытовые услуги","Организация мероприятий и свадеб","Бюджетный формат"
"1198","ru","Гостеприимство, образование и бытовые услуги","Организация мероприятий и свадеб","Онлайн-бронирование"
"1199","ru","Гостеприимство, образование и бытовые услуги","Организация мероприятий и свадеб","Выездное обслуживание"
"1200","ru","Гостеприимство, образование и бытовые услуги","Организация мероприятий и свадеб","Детские услуги"
"1201","ru","Гостеприимство, образование и бытовые услуги","Организация мероприятий и свадеб","Организация под ключ"
"1202","ru","Гостеприимство, образование и бытовые услуги","Образовательные центры и языковые школы","Английский язык"
"1203","ru","Гостеприимство, образование и бытовые услуги","Образовательные центры и языковые школы","Немецкий язык"
"1204","ru","Гостеприимство, образование и бытовые услуги","Образовательные центры и языковые школы","Итальянский язык"
"1205","ru","Гостеприимство, образование и бытовые услуги","Образовательные центры и языковые школы","Французский язык"
"1206","ru","Гостеприимство, образование и бытовые услуги","Образовательные центры и языковые школы","Украинский язык"
"1207","ru","Гостеприимство, образование и бытовые услуги","Образовательные центры и языковые школы","Румынский язык"
"1208","ru","Гостеприимство, образование и бытовые услуги","Образовательные центры и языковые школы","Подготовка к IELTS и TOEFL"
"1209","ru","Гостеприимство, образование и бытовые услуги","Образовательные центры и языковые школы","Профессиональные курсы"
"1210","ru","Гостеприимство, образование и бытовые услуги","Образовательные центры и языковые школы","Компьютерные курсы"
"1211","ru","Гостеприимство, образование и бытовые услуги","Образовательные центры и языковые школы","Бизнес-образование"
"1212","ru","Гостеприимство, образование и бытовые услуги","Образовательные центры и языковые школы","Подготовка к школе"
"1213","ru","Гостеприимство, образование и бытовые услуги","Образовательные центры и языковые школы","Репетиторство"
"1214","ru","Гостеприимство, образование и бытовые услуги","Образовательные центры и языковые школы","Онлайн-обучение"
"1215","ru","Гостеприимство, образование и бытовые услуги","Образовательные центры и языковые школы","Корпоративное обучение"
"1216","ru","Гостеприимство, образование и бытовые услуги","Образовательные центры и языковые школы","Подготовка к лицензированию и экзаменам"
"1217","ru","Гостеприимство, образование и бытовые услуги","Детские сады и childcare","Daycare"
"1218","ru","Гостеприимство, образование и бытовые услуги","Детские сады и childcare","Preschool"
"1219","ru","Гостеприимство, образование и бытовые услуги","Детские сады и childcare","Семейный детский сад"
"1220","ru","Гостеприимство, образование и бытовые услуги","Детские сады и childcare","После-школьный уход"
"1221","ru","Гостеприимство, образование и бытовые услуги","Детские сады и childcare","Няня на дому"
"1222","ru","Гостеприимство, образование и бытовые услуги","Детские сады и childcare","Babysitting"
"1223","ru","Гостеприимство, образование и бытовые услуги","Детские сады и childcare","Летние лагеря"
"1224","ru","Гостеприимство, образование и бытовые услуги","Детские сады и childcare","Развивающие занятия"
"1225","ru","Гостеприимство, образование и бытовые услуги","Детские сады и childcare","Подготовка к школе"
"1226","ru","Гостеприимство, образование и бытовые услуги","Детские сады и childcare","Уход за детьми с особыми потребностями"
"1227","ru","Гостеприимство, образование и бытовые услуги","Детские сады и childcare","Двуязычные детские программы"
"1228","ru","Гостеприимство, образование и бытовые услуги","Детские сады и childcare","Почасовой childcare"
"1229","ru","Гостеприимство, образование и бытовые услуги","Ремонт бытовой техники и электроники","Индивидуальное обслуживание"
"1230","ru","Гостеприимство, образование и бытовые услуги","Ремонт бытовой техники и электроники","Семейные услуги"
"1231","ru","Гостеприимство, образование и бытовые услуги","Ремонт бытовой техники и электроники","Групповые программы"
"1232","ru","Гостеприимство, образование и бытовые услуги","Ремонт бытовой техники и электроники","Корпоративное обслуживание"
"1233","ru","Гостеприимство, образование и бытовые услуги","Ремонт бытовой техники и электроники","Премиум-формат"
"1234","ru","Гостеприимство, образование и бытовые услуги","Ремонт бытовой техники и электроники","Бюджетный формат"
"1235","ru","Гостеприимство, образование и бытовые услуги","Ремонт бытовой техники и электроники","Онлайн-бронирование"
"1236","ru","Гостеприимство, образование и бытовые услуги","Ремонт бытовой техники и электроники","Выездное обслуживание"
"1237","ru","Гостеприимство, образование и бытовые услуги","Ремонт бытовой техники и электроники","Детские услуги"
"1238","ru","Гостеприимство, образование и бытовые услуги","Ремонт бытовой техники и электроники","Организация под ключ"
"1239","ru","Гостеприимство, образование и бытовые услуги","Услуги для домашних животных","Ветеринарные клиники"
"1240","ru","Гостеприимство, образование и бытовые услуги","Услуги для домашних животных","Груминг"
"1241","ru","Гостеприимство, образование и бытовые услуги","Услуги для домашних животных","Передержка животных"
"1242","ru","Гостеприимство, образование и бытовые услуги","Услуги для домашних животных","Выгул собак"
"1243","ru","Гостеприимство, образование и бытовые услуги","Услуги для домашних животных","Дрессировка"
"1244","ru","Гостеприимство, образование и бытовые услуги","Услуги для домашних животных","Зоомагазины"
"1245","ru","Гостеприимство, образование и бытовые услуги","Услуги для домашних животных","Мобильный ветеринар"
"1246","ru","Гостеприимство, образование и бытовые услуги","Услуги для домашних животных","Pet sitting"
"1247","ru","Гостеприимство, образование и бытовые услуги","Услуги для домашних животных","Дневной уход за собаками"
"1248","ru","Гостеприимство, образование и бытовые услуги","Услуги для домашних животных","Перевозка животных"
"1249","ru","Гостеприимство, образование и бытовые услуги","Услуги для домашних животных","Индивидуальное обслуживание"
"1250","ru","Гостеприимство, образование и бытовые услуги","Услуги для домашних животных","Семейные услуги"
"1251","ru","Гостеприимство, образование и бытовые услуги","Услуги для домашних животных","Групповые программы"
"1252","ru","Гостеприимство, образование и бытовые услуги","Услуги для домашних животных","Корпоративное обслуживание"
